2026-04-05 13:42:09,192 | watchdog             | INFO     | Windows sleep prevention active.
2026-04-05 13:42:09,192 | watchdog             | INFO     | Starting Watchdog supervisor...
2026-04-05 13:42:09,192 | watchdog             | INFO     | =================================================================
2026-04-05 13:42:09,192 | watchdog             | INFO     | WATCHDOG STARTED
2026-04-05 13:42:09,192 | watchdog             | INFO     |   Developer:          mohannad_zahra
2026-04-05 13:42:09,192 | watchdog             | INFO     |   Scraper:            C:\Users\mohan\AppData\Local\Programs\Python\Python313\python.exe C:\Users\mohan\OneDrive\Desktop\E-Commerce Market Dynamics & XAI Forecasting Engine\Web Scrapper\scraper.py
2026-04-05 13:42:09,193 | watchdog             | INFO     |   Health check:       every 30s
2026-04-05 13:42:09,193 | watchdog             | INFO     |   Max restarts:       5
2026-04-05 13:42:09,193 | watchdog             | INFO     | =================================================================
2026-04-05 13:42:09,193 | watchdog             | INFO     | Launching scraper: C:\Users\mohan\AppData\Local\Programs\Python\Python313\python.exe C:\Users\mohan\OneDrive\Desktop\E-Commerce Market Dynamics & XAI Forecasting Engine\Web Scrapper\scraper.py
2026-04-05 13:42:09,201 | watchdog             | INFO     | Scraper launched successfully (PID=23100)
2026-04-05 19:58:55,506 | watchdog             | INFO     | Windows sleep prevention active.
2026-04-05 19:58:55,518 | watchdog             | INFO     | Starting Watchdog supervisor...
2026-04-05 19:58:55,519 | watchdog             | INFO     | =================================================================
2026-04-05 19:58:55,519 | watchdog             | INFO     | WATCHDOG STARTED
2026-04-05 19:58:55,520 | watchdog             | INFO     |   Developer:          mohannad_zahra
2026-04-05 19:58:55,521 | watchdog             | INFO     |   Scraper:            C:\Users\mohan\AppData\Local\Programs\Python\Python313\python.exe C:\Users\mohan\OneDrive\Desktop\E-Commerce Market Dynamics & XAI Forecasting Engine\Web Scrapper\scraper.py
2026-04-05 19:58:55,521 | watchdog             | INFO     |   Health check:       every 30s
2026-04-05 19:58:55,521 | watchdog             | INFO     |   Max restarts:       5
2026-04-05 19:58:55,521 | watchdog             | INFO     | =================================================================
2026-04-05 19:58:55,521 | watchdog             | INFO     | Launching scraper: C:\Users\mohan\AppData\Local\Programs\Python\Python313\python.exe C:\Users\mohan\OneDrive\Desktop\E-Commerce Market Dynamics & XAI Forecasting Engine\Web Scrapper\scraper.py
2026-04-05 19:58:55,542 | watchdog             | INFO     | Scraper launched successfully (PID=25352)
2026-04-07 16:30:03,184 | watchdog             | INFO     | Windows sleep prevention active.
2026-04-07 16:30:03,185 | watchdog             | INFO     | Starting Watchdog supervisor...
2026-04-07 16:30:03,185 | watchdog             | INFO     | =================================================================
2026-04-07 16:30:03,185 | watchdog             | INFO     | WATCHDOG STARTED
2026-04-07 16:30:03,185 | watchdog             | INFO     |   Developer:          mohannad_zahra
2026-04-07 16:30:03,185 | watchdog             | INFO     |   Scraper:            C:\Users\mohan\AppData\Local\Programs\Python\Python313\python.exe C:\Users\mohan\OneDrive\Desktop\E-Commerce Market Dynamics & XAI Forecasting Engine\Web Scrapper\scraper.py
2026-04-07 16:30:03,186 | watchdog             | INFO     |   Health check:       every 5s
2026-04-07 16:30:03,186 | watchdog             | INFO     |   Max restarts:       5
2026-04-07 16:30:03,186 | watchdog             | INFO     | =================================================================
2026-04-07 16:30:03,186 | watchdog             | INFO     | Launching scraper: C:\Users\mohan\AppData\Local\Programs\Python\Python313\python.exe C:\Users\mohan\OneDrive\Desktop\E-Commerce Market Dynamics & XAI Forecasting Engine\Web Scrapper\scraper.py
2026-04-07 16:30:03,193 | watchdog             | INFO     | Scraper launched successfully (PID=13544)
2026-04-07 16:32:10,318 | watchdog             | INFO     | Windows sleep prevention active.
2026-04-07 16:32:10,319 | watchdog             | INFO     | Starting Watchdog supervisor...
2026-04-07 16:32:10,319 | watchdog             | INFO     | =================================================================
2026-04-07 16:32:10,320 | watchdog             | INFO     | WATCHDOG STARTED
2026-04-07 16:32:10,320 | watchdog             | INFO     |   Developer:          mohannad_zahra
2026-04-07 16:32:10,320 | watchdog             | INFO     |   Scraper:            C:\Users\mohan\AppData\Local\Programs\Python\Python313\python.exe C:\Users\mohan\OneDrive\Desktop\E-Commerce Market Dynamics & XAI Forecasting Engine\Web Scrapper\scraper.py
2026-04-07 16:32:10,320 | watchdog             | INFO     |   Health check:       every 5s
2026-04-07 16:32:10,320 | watchdog             | INFO     |   Max restarts:       5
2026-04-07 16:32:10,320 | watchdog             | INFO     | =================================================================
2026-04-07 16:32:10,320 | watchdog             | INFO     | Launching scraper: C:\Users\mohan\AppData\Local\Programs\Python\Python313\python.exe C:\Users\mohan\OneDrive\Desktop\E-Commerce Market Dynamics & XAI Forecasting Engine\Web Scrapper\scraper.py
2026-04-07 16:32:10,327 | watchdog             | INFO     | Scraper launched successfully (PID=2636)
2026-04-07 16:35:56,748 | watchdog             | INFO     | Windows sleep prevention active.
2026-04-07 16:35:56,749 | watchdog             | INFO     | Starting Watchdog supervisor...
2026-04-07 16:35:56,750 | watchdog             | INFO     | =================================================================
2026-04-07 16:35:56,750 | watchdog             | INFO     | WATCHDOG STARTED
2026-04-07 16:35:56,750 | watchdog             | INFO     |   Developer:          mohannad_zahra
2026-04-07 16:35:56,750 | watchdog             | INFO     |   Scraper:            C:\Users\mohan\AppData\Local\Programs\Python\Python313\python.exe C:\Users\mohan\OneDrive\Desktop\E-Commerce Market Dynamics & XAI Forecasting Engine\Web Scrapper\scraper.py
2026-04-07 16:35:56,750 | watchdog             | INFO     |   Health check:       every 5s
2026-04-07 16:35:56,750 | watchdog             | INFO     |   Max restarts:       5
2026-04-07 16:35:56,750 | watchdog             | INFO     | =================================================================
2026-04-07 16:35:56,750 | watchdog             | INFO     | Launching scraper: C:\Users\mohan\AppData\Local\Programs\Python\Python313\python.exe C:\Users\mohan\OneDrive\Desktop\E-Commerce Market Dynamics & XAI Forecasting Engine\Web Scrapper\scraper.py
2026-04-07 16:35:56,758 | watchdog             | INFO     | Scraper launched successfully (PID=24336)
2026-04-07 17:07:43,417 | watchdog             | INFO     | Windows sleep prevention active.
2026-04-07 17:07:43,418 | watchdog             | INFO     | Starting Watchdog supervisor...
2026-04-07 17:07:43,418 | watchdog             | INFO     | =================================================================
2026-04-07 17:07:43,418 | watchdog             | INFO     | WATCHDOG STARTED
2026-04-07 17:07:43,418 | watchdog             | INFO     |   Config path:        C:\Users\mohan\OneDrive\Desktop\E-Commerce Market Dynamics & XAI Forecasting Engine\Web Scrapper\config\config.json
2026-04-07 17:07:43,418 | watchdog             | INFO     |   Developer:          mohannad_zahra
2026-04-07 17:07:43,418 | watchdog             | INFO     |   Scraper:            C:\Users\mohan\AppData\Local\Programs\Python\Python313\python.exe C:\Users\mohan\OneDrive\Desktop\E-Commerce Market Dynamics & XAI Forecasting Engine\Web Scrapper\scraper.py
2026-04-07 17:07:43,418 | watchdog             | INFO     |   Health check:       every 5s
2026-04-07 17:07:43,418 | watchdog             | INFO     |   Max restarts:       5
2026-04-07 17:07:43,418 | watchdog             | INFO     |   Heartbeat cadence:  every 1 health checks
2026-04-07 17:07:43,419 | watchdog             | INFO     | =================================================================
2026-04-07 17:07:43,419 | watchdog             | INFO     | [WATCHDOG_STATUS] state=STARTUP pid=n/a uptime_s=0 crashes=0 restarts_used=0/5 restarts_remaining=5 detail=watchdog loop initialized
2026-04-07 17:07:43,419 | watchdog             | INFO     | Launching scraper: C:\Users\mohan\AppData\Local\Programs\Python\Python313\python.exe C:\Users\mohan\OneDrive\Desktop\E-Commerce Market Dynamics & XAI Forecasting Engine\Web Scrapper\scraper.py
2026-04-07 17:07:43,425 | watchdog             | INFO     | Scraper launched successfully (PID=27120)
2026-04-07 17:07:43,425 | watchdog             | INFO     | [WATCHDOG_STATUS] state=LAUNCHED pid=27120 uptime_s=0 crashes=0 restarts_used=0/5 restarts_remaining=5 detail=child process started
2026-04-07 17:07:48,425 | watchdog             | INFO     | [WATCHDOG_STATUS] state=HEALTHY pid=27120 uptime_s=5 crashes=0 restarts_used=0/5 restarts_remaining=5 detail=monitor_tick=1 health_interval_s=5
2026-04-07 17:07:53,426 | watchdog             | INFO     | [WATCHDOG_STATUS] state=HEALTHY pid=27120 uptime_s=10 crashes=0 restarts_used=0/5 restarts_remaining=5 detail=monitor_tick=2 health_interval_s=5
2026-04-07 17:07:58,427 | watchdog             | INFO     | [WATCHDOG_STATUS] state=HEALTHY pid=27120 uptime_s=15 crashes=0 restarts_used=0/5 restarts_remaining=5 detail=monitor_tick=3 health_interval_s=5
2026-04-07 17:08:03,428 | watchdog             | INFO     | [WATCHDOG_STATUS] state=HEALTHY pid=27120 uptime_s=20 crashes=0 restarts_used=0/5 restarts_remaining=5 detail=monitor_tick=4 health_interval_s=5
2026-04-07 17:08:08,429 | watchdog             | INFO     | [WATCHDOG_STATUS] state=HEALTHY pid=27120 uptime_s=25 crashes=0 restarts_used=0/5 restarts_remaining=5 detail=monitor_tick=5 health_interval_s=5
2026-04-07 17:08:13,429 | watchdog             | INFO     | [WATCHDOG_STATUS] state=HEALTHY pid=27120 uptime_s=30 crashes=0 restarts_used=0/5 restarts_remaining=5 detail=monitor_tick=6 health_interval_s=5
2026-04-07 17:08:18,430 | watchdog             | INFO     | [WATCHDOG_STATUS] state=HEALTHY pid=27120 uptime_s=35 crashes=0 restarts_used=0/5 restarts_remaining=5 detail=monitor_tick=7 health_interval_s=5
2026-04-07 17:08:23,431 | watchdog             | INFO     | [WATCHDOG_STATUS] state=HEALTHY pid=27120 uptime_s=40 crashes=0 restarts_used=0/5 restarts_remaining=5 detail=monitor_tick=8 health_interval_s=5
2026-04-07 17:08:28,431 | watchdog             | INFO     | [WATCHDOG_STATUS] state=HEALTHY pid=27120 uptime_s=45 crashes=0 restarts_used=0/5 restarts_remaining=5 detail=monitor_tick=9 health_interval_s=5
2026-04-07 17:08:33,432 | watchdog             | INFO     | [WATCHDOG_STATUS] state=HEALTHY pid=27120 uptime_s=50 crashes=0 restarts_used=0/5 restarts_remaining=5 detail=monitor_tick=10 health_interval_s=5
2026-04-07 17:08:38,433 | watchdog             | INFO     | [WATCHDOG_STATUS] state=HEALTHY pid=27120 uptime_s=55 crashes=0 restarts_used=0/5 restarts_remaining=5 detail=monitor_tick=11 health_interval_s=5
2026-04-07 17:08:43,433 | watchdog             | INFO     | [WATCHDOG_STATUS] state=HEALTHY pid=27120 uptime_s=60 crashes=0 restarts_used=0/5 restarts_remaining=5 detail=monitor_tick=12 health_interval_s=5
2026-04-07 17:08:48,434 | watchdog             | INFO     | [WATCHDOG_STATUS] state=HEALTHY pid=27120 uptime_s=65 crashes=0 restarts_used=0/5 restarts_remaining=5 detail=monitor_tick=13 health_interval_s=5
2026-04-07 17:08:53,435 | watchdog             | INFO     | [WATCHDOG_STATUS] state=HEALTHY pid=27120 uptime_s=70 crashes=0 restarts_used=0/5 restarts_remaining=5 detail=monitor_tick=14 health_interval_s=5
2026-04-07 17:08:58,436 | watchdog             | INFO     | [WATCHDOG_STATUS] state=HEALTHY pid=27120 uptime_s=75 crashes=0 restarts_used=0/5 restarts_remaining=5 detail=monitor_tick=15 health_interval_s=5
2026-04-07 17:09:03,437 | watchdog             | INFO     | [WATCHDOG_STATUS] state=HEALTHY pid=27120 uptime_s=80 crashes=0 restarts_used=0/5 restarts_remaining=5 detail=monitor_tick=16 health_interval_s=5
2026-04-07 17:09:08,438 | watchdog             | INFO     | [WATCHDOG_STATUS] state=HEALTHY pid=27120 uptime_s=85 crashes=0 restarts_used=0/5 restarts_remaining=5 detail=monitor_tick=17 health_interval_s=5
2026-04-07 17:09:13,438 | watchdog             | INFO     | [WATCHDOG_STATUS] state=HEALTHY pid=27120 uptime_s=90 crashes=0 restarts_used=0/5 restarts_remaining=5 detail=monitor_tick=18 health_interval_s=5
2026-04-07 17:09:18,439 | watchdog             | INFO     | [WATCHDOG_STATUS] state=HEALTHY pid=27120 uptime_s=95 crashes=0 restarts_used=0/5 restarts_remaining=5 detail=monitor_tick=19 health_interval_s=5
2026-04-07 17:09:23,440 | watchdog             | INFO     | [WATCHDOG_STATUS] state=HEALTHY pid=27120 uptime_s=100 crashes=0 restarts_used=0/5 restarts_remaining=5 detail=monitor_tick=20 health_interval_s=5
2026-04-07 17:09:28,441 | watchdog             | INFO     | [WATCHDOG_STATUS] state=HEALTHY pid=27120 uptime_s=105 crashes=0 restarts_used=0/5 restarts_remaining=5 detail=monitor_tick=21 health_interval_s=5
2026-04-07 17:09:33,441 | watchdog             | INFO     | [WATCHDOG_STATUS] state=HEALTHY pid=27120 uptime_s=110 crashes=0 restarts_used=0/5 restarts_remaining=5 detail=monitor_tick=22 health_interval_s=5
2026-04-07 17:09:38,442 | watchdog             | INFO     | [WATCHDOG_STATUS] state=HEALTHY pid=27120 uptime_s=115 crashes=0 restarts_used=0/5 restarts_remaining=5 detail=monitor_tick=23 health_interval_s=5
2026-04-07 17:09:43,443 | watchdog             | INFO     | [WATCHDOG_STATUS] state=HEALTHY pid=27120 uptime_s=120 crashes=0 restarts_used=0/5 restarts_remaining=5 detail=monitor_tick=24 health_interval_s=5
2026-04-07 17:09:48,443 | watchdog             | INFO     | [WATCHDOG_STATUS] state=HEALTHY pid=27120 uptime_s=125 crashes=0 restarts_used=0/5 restarts_remaining=5 detail=monitor_tick=25 health_interval_s=5
2026-04-07 17:09:53,444 | watchdog             | INFO     | [WATCHDOG_STATUS] state=HEALTHY pid=27120 uptime_s=130 crashes=0 restarts_used=0/5 restarts_remaining=5 detail=monitor_tick=26 health_interval_s=5
2026-04-07 17:09:58,445 | watchdog             | INFO     | [WATCHDOG_STATUS] state=HEALTHY pid=27120 uptime_s=135 crashes=0 restarts_used=0/5 restarts_remaining=5 detail=monitor_tick=27 health_interval_s=5
2026-04-07 17:10:03,446 | watchdog             | INFO     | [WATCHDOG_STATUS] state=HEALTHY pid=27120 uptime_s=140 crashes=0 restarts_used=0/5 restarts_remaining=5 detail=monitor_tick=28 health_interval_s=5
2026-04-07 17:10:08,446 | watchdog             | INFO     | [WATCHDOG_STATUS] state=HEALTHY pid=27120 uptime_s=145 crashes=0 restarts_used=0/5 restarts_remaining=5 detail=monitor_tick=29 health_interval_s=5
2026-04-07 17:10:13,447 | watchdog             | INFO     | [WATCHDOG_STATUS] state=HEALTHY pid=27120 uptime_s=150 crashes=0 restarts_used=0/5 restarts_remaining=5 detail=monitor_tick=30 health_interval_s=5
2026-04-07 17:10:18,448 | watchdog             | INFO     | [WATCHDOG_STATUS] state=HEALTHY pid=27120 uptime_s=155 crashes=0 restarts_used=0/5 restarts_remaining=5 detail=monitor_tick=31 health_interval_s=5
2026-04-07 17:10:23,448 | watchdog             | INFO     | [WATCHDOG_STATUS] state=HEALTHY pid=27120 uptime_s=160 crashes=0 restarts_used=0/5 restarts_remaining=5 detail=monitor_tick=32 health_interval_s=5
2026-04-07 17:10:28,449 | watchdog             | INFO     | [WATCHDOG_STATUS] state=HEALTHY pid=27120 uptime_s=165 crashes=0 restarts_used=0/5 restarts_remaining=5 detail=monitor_tick=33 health_interval_s=5
2026-04-07 17:10:33,449 | watchdog             | INFO     | [WATCHDOG_STATUS] state=HEALTHY pid=27120 uptime_s=170 crashes=0 restarts_used=0/5 restarts_remaining=5 detail=monitor_tick=34 health_interval_s=5
2026-04-07 17:10:38,450 | watchdog             | INFO     | [WATCHDOG_STATUS] state=HEALTHY pid=27120 uptime_s=175 crashes=0 restarts_used=0/5 restarts_remaining=5 detail=monitor_tick=35 health_interval_s=5
2026-04-07 17:10:43,452 | watchdog             | INFO     | [WATCHDOG_STATUS] state=HEALTHY pid=27120 uptime_s=180 crashes=0 restarts_used=0/5 restarts_remaining=5 detail=monitor_tick=36 health_interval_s=5
2026-04-07 17:10:48,452 | watchdog             | INFO     | [WATCHDOG_STATUS] state=HEALTHY pid=27120 uptime_s=185 crashes=0 restarts_used=0/5 restarts_remaining=5 detail=monitor_tick=37 health_interval_s=5
2026-04-07 17:10:53,453 | watchdog             | INFO     | [WATCHDOG_STATUS] state=HEALTHY pid=27120 uptime_s=190 crashes=0 restarts_used=0/5 restarts_remaining=5 detail=monitor_tick=38 health_interval_s=5
2026-04-07 17:10:58,454 | watchdog             | INFO     | [WATCHDOG_STATUS] state=HEALTHY pid=27120 uptime_s=195 crashes=0 restarts_used=0/5 restarts_remaining=5 detail=monitor_tick=39 health_interval_s=5
2026-04-07 17:11:03,454 | watchdog             | INFO     | [WATCHDOG_STATUS] state=HEALTHY pid=27120 uptime_s=200 crashes=0 restarts_used=0/5 restarts_remaining=5 detail=monitor_tick=40 health_interval_s=5
2026-04-07 17:11:08,455 | watchdog             | INFO     | [WATCHDOG_STATUS] state=HEALTHY pid=27120 uptime_s=205 crashes=0 restarts_used=0/5 restarts_remaining=5 detail=monitor_tick=41 health_interval_s=5
2026-04-07 17:11:13,456 | watchdog             | INFO     | [WATCHDOG_STATUS] state=HEALTHY pid=27120 uptime_s=210 crashes=0 restarts_used=0/5 restarts_remaining=5 detail=monitor_tick=42 health_interval_s=5
2026-04-07 17:11:18,457 | watchdog             | INFO     | [WATCHDOG_STATUS] state=HEALTHY pid=27120 uptime_s=215 crashes=0 restarts_used=0/5 restarts_remaining=5 detail=monitor_tick=43 health_interval_s=5
2026-04-07 17:11:23,458 | watchdog             | INFO     | [WATCHDOG_STATUS] state=HEALTHY pid=27120 uptime_s=220 crashes=0 restarts_used=0/5 restarts_remaining=5 detail=monitor_tick=44 health_interval_s=5
2026-04-07 17:11:28,459 | watchdog             | INFO     | [WATCHDOG_STATUS] state=HEALTHY pid=27120 uptime_s=225 crashes=0 restarts_used=0/5 restarts_remaining=5 detail=monitor_tick=45 health_interval_s=5
2026-04-07 17:11:33,460 | watchdog             | INFO     | [WATCHDOG_STATUS] state=HEALTHY pid=27120 uptime_s=230 crashes=0 restarts_used=0/5 restarts_remaining=5 detail=monitor_tick=46 health_interval_s=5
2026-04-07 17:11:38,460 | watchdog             | INFO     | [WATCHDOG_STATUS] state=HEALTHY pid=27120 uptime_s=235 crashes=0 restarts_used=0/5 restarts_remaining=5 detail=monitor_tick=47 health_interval_s=5
2026-04-07 17:11:43,461 | watchdog             | INFO     | [WATCHDOG_STATUS] state=HEALTHY pid=27120 uptime_s=240 crashes=0 restarts_used=0/5 restarts_remaining=5 detail=monitor_tick=48 health_interval_s=5
2026-04-07 17:11:48,462 | watchdog             | INFO     | [WATCHDOG_STATUS] state=HEALTHY pid=27120 uptime_s=245 crashes=0 restarts_used=0/5 restarts_remaining=5 detail=monitor_tick=49 health_interval_s=5
2026-04-07 17:11:53,463 | watchdog             | INFO     | [WATCHDOG_STATUS] state=HEALTHY pid=27120 uptime_s=250 crashes=0 restarts_used=0/5 restarts_remaining=5 detail=monitor_tick=50 health_interval_s=5
2026-04-07 17:11:58,463 | watchdog             | INFO     | [WATCHDOG_STATUS] state=HEALTHY pid=27120 uptime_s=255 crashes=0 restarts_used=0/5 restarts_remaining=5 detail=monitor_tick=51 health_interval_s=5
2026-04-07 17:12:03,464 | watchdog             | INFO     | [WATCHDOG_STATUS] state=HEALTHY pid=27120 uptime_s=260 crashes=0 restarts_used=0/5 restarts_remaining=5 detail=monitor_tick=52 health_interval_s=5
2026-04-07 17:12:08,465 | watchdog             | INFO     | [WATCHDOG_STATUS] state=HEALTHY pid=27120 uptime_s=265 crashes=0 restarts_used=0/5 restarts_remaining=5 detail=monitor_tick=53 health_interval_s=5
2026-04-07 17:12:13,466 | watchdog             | INFO     | [WATCHDOG_STATUS] state=HEALTHY pid=27120 uptime_s=270 crashes=0 restarts_used=0/5 restarts_remaining=5 detail=monitor_tick=54 health_interval_s=5
2026-04-07 17:12:18,466 | watchdog             | INFO     | [WATCHDOG_STATUS] state=HEALTHY pid=27120 uptime_s=275 crashes=0 restarts_used=0/5 restarts_remaining=5 detail=monitor_tick=55 health_interval_s=5
2026-04-07 17:12:23,467 | watchdog             | INFO     | [WATCHDOG_STATUS] state=HEALTHY pid=27120 uptime_s=280 crashes=0 restarts_used=0/5 restarts_remaining=5 detail=monitor_tick=56 health_interval_s=5
2026-04-07 17:12:28,468 | watchdog             | INFO     | [WATCHDOG_STATUS] state=HEALTHY pid=27120 uptime_s=285 crashes=0 restarts_used=0/5 restarts_remaining=5 detail=monitor_tick=57 health_interval_s=5
2026-04-07 17:12:33,468 | watchdog             | INFO     | [WATCHDOG_STATUS] state=HEALTHY pid=27120 uptime_s=290 crashes=0 restarts_used=0/5 restarts_remaining=5 detail=monitor_tick=58 health_interval_s=5
2026-04-07 17:12:38,469 | watchdog             | INFO     | [WATCHDOG_STATUS] state=HEALTHY pid=27120 uptime_s=295 crashes=0 restarts_used=0/5 restarts_remaining=5 detail=monitor_tick=59 health_interval_s=5
2026-04-07 17:12:43,470 | watchdog             | INFO     | [WATCHDOG_STATUS] state=HEALTHY pid=27120 uptime_s=300 crashes=0 restarts_used=0/5 restarts_remaining=5 detail=monitor_tick=60 health_interval_s=5
2026-04-07 17:12:48,470 | watchdog             | INFO     | [WATCHDOG_STATUS] state=HEALTHY pid=27120 uptime_s=305 crashes=0 restarts_used=0/5 restarts_remaining=5 detail=monitor_tick=61 health_interval_s=5
2026-04-07 17:12:53,471 | watchdog             | INFO     | [WATCHDOG_STATUS] state=HEALTHY pid=27120 uptime_s=310 crashes=0 restarts_used=0/5 restarts_remaining=5 detail=monitor_tick=62 health_interval_s=5
2026-04-07 17:12:58,472 | watchdog             | INFO     | [WATCHDOG_STATUS] state=HEALTHY pid=27120 uptime_s=315 crashes=0 restarts_used=0/5 restarts_remaining=5 detail=monitor_tick=63 health_interval_s=5
2026-04-07 17:13:03,473 | watchdog             | INFO     | [WATCHDOG_STATUS] state=HEALTHY pid=27120 uptime_s=320 crashes=0 restarts_used=0/5 restarts_remaining=5 detail=monitor_tick=64 health_interval_s=5
2026-04-07 17:13:08,474 | watchdog             | INFO     | [WATCHDOG_STATUS] state=HEALTHY pid=27120 uptime_s=325 crashes=0 restarts_used=0/5 restarts_remaining=5 detail=monitor_tick=65 health_interval_s=5
2026-04-07 17:13:13,474 | watchdog             | INFO     | [WATCHDOG_STATUS] state=HEALTHY pid=27120 uptime_s=330 crashes=0 restarts_used=0/5 restarts_remaining=5 detail=monitor_tick=66 health_interval_s=5
2026-04-07 17:13:18,475 | watchdog             | INFO     | [WATCHDOG_STATUS] state=HEALTHY pid=27120 uptime_s=335 crashes=0 restarts_used=0/5 restarts_remaining=5 detail=monitor_tick=67 health_interval_s=5
2026-04-07 17:13:23,476 | watchdog             | INFO     | [WATCHDOG_STATUS] state=HEALTHY pid=27120 uptime_s=340 crashes=0 restarts_used=0/5 restarts_remaining=5 detail=monitor_tick=68 health_interval_s=5
2026-04-07 17:13:28,477 | watchdog             | INFO     | [WATCHDOG_STATUS] state=HEALTHY pid=27120 uptime_s=345 crashes=0 restarts_used=0/5 restarts_remaining=5 detail=monitor_tick=69 health_interval_s=5
2026-04-07 17:13:33,478 | watchdog             | INFO     | [WATCHDOG_STATUS] state=HEALTHY pid=27120 uptime_s=350 crashes=0 restarts_used=0/5 restarts_remaining=5 detail=monitor_tick=70 health_interval_s=5
2026-04-07 17:13:38,479 | watchdog             | INFO     | [WATCHDOG_STATUS] state=HEALTHY pid=27120 uptime_s=355 crashes=0 restarts_used=0/5 restarts_remaining=5 detail=monitor_tick=71 health_interval_s=5
2026-04-07 17:13:43,479 | watchdog             | INFO     | [WATCHDOG_STATUS] state=HEALTHY pid=27120 uptime_s=360 crashes=0 restarts_used=0/5 restarts_remaining=5 detail=monitor_tick=72 health_interval_s=5
2026-04-07 17:13:48,480 | watchdog             | INFO     | [WATCHDOG_STATUS] state=HEALTHY pid=27120 uptime_s=365 crashes=0 restarts_used=0/5 restarts_remaining=5 detail=monitor_tick=73 health_interval_s=5
2026-04-07 17:13:53,481 | watchdog             | INFO     | [WATCHDOG_STATUS] state=HEALTHY pid=27120 uptime_s=370 crashes=0 restarts_used=0/5 restarts_remaining=5 detail=monitor_tick=74 health_interval_s=5
2026-04-07 17:13:58,482 | watchdog             | INFO     | [WATCHDOG_STATUS] state=HEALTHY pid=27120 uptime_s=375 crashes=0 restarts_used=0/5 restarts_remaining=5 detail=monitor_tick=75 health_interval_s=5
2026-04-07 17:14:03,487 | watchdog             | INFO     | [WATCHDOG_STATUS] state=HEALTHY pid=27120 uptime_s=380 crashes=0 restarts_used=0/5 restarts_remaining=5 detail=monitor_tick=76 health_interval_s=5
2026-04-07 17:14:08,488 | watchdog             | INFO     | [WATCHDOG_STATUS] state=HEALTHY pid=27120 uptime_s=385 crashes=0 restarts_used=0/5 restarts_remaining=5 detail=monitor_tick=77 health_interval_s=5
2026-04-07 17:14:13,489 | watchdog             | INFO     | [WATCHDOG_STATUS] state=HEALTHY pid=27120 uptime_s=390 crashes=0 restarts_used=0/5 restarts_remaining=5 detail=monitor_tick=78 health_interval_s=5
2026-04-07 17:14:18,489 | watchdog             | INFO     | [WATCHDOG_STATUS] state=HEALTHY pid=27120 uptime_s=395 crashes=0 restarts_used=0/5 restarts_remaining=5 detail=monitor_tick=79 health_interval_s=5
2026-04-07 17:14:23,490 | watchdog             | INFO     | [WATCHDOG_STATUS] state=HEALTHY pid=27120 uptime_s=400 crashes=0 restarts_used=0/5 restarts_remaining=5 detail=monitor_tick=80 health_interval_s=5
2026-04-07 17:14:28,491 | watchdog             | INFO     | [WATCHDOG_STATUS] state=HEALTHY pid=27120 uptime_s=405 crashes=0 restarts_used=0/5 restarts_remaining=5 detail=monitor_tick=81 health_interval_s=5
2026-04-07 17:14:33,491 | watchdog             | INFO     | [WATCHDOG_STATUS] state=HEALTHY pid=27120 uptime_s=410 crashes=0 restarts_used=0/5 restarts_remaining=5 detail=monitor_tick=82 health_interval_s=5
2026-04-07 17:14:38,492 | watchdog             | INFO     | [WATCHDOG_STATUS] state=HEALTHY pid=27120 uptime_s=415 crashes=0 restarts_used=0/5 restarts_remaining=5 detail=monitor_tick=83 health_interval_s=5
2026-04-07 17:14:43,493 | watchdog             | INFO     | [WATCHDOG_STATUS] state=HEALTHY pid=27120 uptime_s=420 crashes=0 restarts_used=0/5 restarts_remaining=5 detail=monitor_tick=84 health_interval_s=5
2026-04-07 17:14:48,493 | watchdog             | INFO     | [WATCHDOG_STATUS] state=HEALTHY pid=27120 uptime_s=425 crashes=0 restarts_used=0/5 restarts_remaining=5 detail=monitor_tick=85 health_interval_s=5
2026-04-07 17:14:53,494 | watchdog             | INFO     | [WATCHDOG_STATUS] state=HEALTHY pid=27120 uptime_s=430 crashes=0 restarts_used=0/5 restarts_remaining=5 detail=monitor_tick=86 health_interval_s=5
2026-04-07 17:14:58,495 | watchdog             | INFO     | [WATCHDOG_STATUS] state=HEALTHY pid=27120 uptime_s=435 crashes=0 restarts_used=0/5 restarts_remaining=5 detail=monitor_tick=87 health_interval_s=5
2026-04-07 17:15:03,495 | watchdog             | INFO     | [WATCHDOG_STATUS] state=HEALTHY pid=27120 uptime_s=440 crashes=0 restarts_used=0/5 restarts_remaining=5 detail=monitor_tick=88 health_interval_s=5
2026-04-07 17:15:08,496 | watchdog             | INFO     | [WATCHDOG_STATUS] state=HEALTHY pid=27120 uptime_s=445 crashes=0 restarts_used=0/5 restarts_remaining=5 detail=monitor_tick=89 health_interval_s=5
2026-04-07 17:15:13,496 | watchdog             | INFO     | [WATCHDOG_STATUS] state=HEALTHY pid=27120 uptime_s=450 crashes=0 restarts_used=0/5 restarts_remaining=5 detail=monitor_tick=90 health_interval_s=5
2026-04-07 17:15:18,497 | watchdog             | INFO     | [WATCHDOG_STATUS] state=HEALTHY pid=27120 uptime_s=455 crashes=0 restarts_used=0/5 restarts_remaining=5 detail=monitor_tick=91 health_interval_s=5
2026-04-07 17:15:23,498 | watchdog             | INFO     | [WATCHDOG_STATUS] state=HEALTHY pid=27120 uptime_s=460 crashes=0 restarts_used=0/5 restarts_remaining=5 detail=monitor_tick=92 health_interval_s=5
2026-04-07 17:15:28,499 | watchdog             | INFO     | [WATCHDOG_STATUS] state=HEALTHY pid=27120 uptime_s=465 crashes=0 restarts_used=0/5 restarts_remaining=5 detail=monitor_tick=93 health_interval_s=5
2026-04-07 17:15:33,499 | watchdog             | INFO     | [WATCHDOG_STATUS] state=HEALTHY pid=27120 uptime_s=470 crashes=0 restarts_used=0/5 restarts_remaining=5 detail=monitor_tick=94 health_interval_s=5
2026-04-07 17:15:38,500 | watchdog             | INFO     | [WATCHDOG_STATUS] state=HEALTHY pid=27120 uptime_s=475 crashes=0 restarts_used=0/5 restarts_remaining=5 detail=monitor_tick=95 health_interval_s=5
2026-04-07 17:15:43,501 | watchdog             | INFO     | [WATCHDOG_STATUS] state=HEALTHY pid=27120 uptime_s=480 crashes=0 restarts_used=0/5 restarts_remaining=5 detail=monitor_tick=96 health_interval_s=5
2026-04-07 17:15:48,502 | watchdog             | INFO     | [WATCHDOG_STATUS] state=HEALTHY pid=27120 uptime_s=485 crashes=0 restarts_used=0/5 restarts_remaining=5 detail=monitor_tick=97 health_interval_s=5
2026-04-07 17:15:53,504 | watchdog             | INFO     | [WATCHDOG_STATUS] state=HEALTHY pid=27120 uptime_s=490 crashes=0 restarts_used=0/5 restarts_remaining=5 detail=monitor_tick=98 health_interval_s=5
2026-04-07 17:15:58,504 | watchdog             | INFO     | [WATCHDOG_STATUS] state=HEALTHY pid=27120 uptime_s=495 crashes=0 restarts_used=0/5 restarts_remaining=5 detail=monitor_tick=99 health_interval_s=5
2026-04-07 17:16:03,505 | watchdog             | INFO     | [WATCHDOG_STATUS] state=HEALTHY pid=27120 uptime_s=500 crashes=0 restarts_used=0/5 restarts_remaining=5 detail=monitor_tick=100 health_interval_s=5
2026-04-07 17:16:08,507 | watchdog             | INFO     | [WATCHDOG_STATUS] state=HEALTHY pid=27120 uptime_s=505 crashes=0 restarts_used=0/5 restarts_remaining=5 detail=monitor_tick=101 health_interval_s=5
2026-04-07 17:16:13,507 | watchdog             | INFO     | [WATCHDOG_STATUS] state=HEALTHY pid=27120 uptime_s=510 crashes=0 restarts_used=0/5 restarts_remaining=5 detail=monitor_tick=102 health_interval_s=5
2026-04-07 17:16:18,508 | watchdog             | INFO     | [WATCHDOG_STATUS] state=HEALTHY pid=27120 uptime_s=515 crashes=0 restarts_used=0/5 restarts_remaining=5 detail=monitor_tick=103 health_interval_s=5
2026-04-07 17:16:23,509 | watchdog             | INFO     | [WATCHDOG_STATUS] state=HEALTHY pid=27120 uptime_s=520 crashes=0 restarts_used=0/5 restarts_remaining=5 detail=monitor_tick=104 health_interval_s=5
2026-04-07 17:16:28,510 | watchdog             | INFO     | [WATCHDOG_STATUS] state=HEALTHY pid=27120 uptime_s=525 crashes=0 restarts_used=0/5 restarts_remaining=5 detail=monitor_tick=105 health_interval_s=5
2026-04-07 17:16:33,511 | watchdog             | INFO     | [WATCHDOG_STATUS] state=HEALTHY pid=27120 uptime_s=530 crashes=0 restarts_used=0/5 restarts_remaining=5 detail=monitor_tick=106 health_interval_s=5
2026-04-07 17:16:38,512 | watchdog             | INFO     | [WATCHDOG_STATUS] state=HEALTHY pid=27120 uptime_s=535 crashes=0 restarts_used=0/5 restarts_remaining=5 detail=monitor_tick=107 health_interval_s=5
2026-04-07 17:16:43,513 | watchdog             | INFO     | [WATCHDOG_STATUS] state=HEALTHY pid=27120 uptime_s=540 crashes=0 restarts_used=0/5 restarts_remaining=5 detail=monitor_tick=108 health_interval_s=5
2026-04-07 17:16:48,513 | watchdog             | INFO     | [WATCHDOG_STATUS] state=HEALTHY pid=27120 uptime_s=545 crashes=0 restarts_used=0/5 restarts_remaining=5 detail=monitor_tick=109 health_interval_s=5
2026-04-07 17:16:53,514 | watchdog             | INFO     | [WATCHDOG_STATUS] state=HEALTHY pid=27120 uptime_s=550 crashes=0 restarts_used=0/5 restarts_remaining=5 detail=monitor_tick=110 health_interval_s=5
2026-04-07 17:16:58,515 | watchdog             | INFO     | [WATCHDOG_STATUS] state=HEALTHY pid=27120 uptime_s=555 crashes=0 restarts_used=0/5 restarts_remaining=5 detail=monitor_tick=111 health_interval_s=5
2026-04-07 17:17:03,555 | watchdog             | INFO     | [WATCHDOG_STATUS] state=HEALTHY pid=27120 uptime_s=560 crashes=0 restarts_used=0/5 restarts_remaining=5 detail=monitor_tick=112 health_interval_s=5
2026-04-07 17:17:08,556 | watchdog             | INFO     | [WATCHDOG_STATUS] state=HEALTHY pid=27120 uptime_s=565 crashes=0 restarts_used=0/5 restarts_remaining=5 detail=monitor_tick=113 health_interval_s=5
2026-04-07 17:17:13,557 | watchdog             | INFO     | [WATCHDOG_STATUS] state=HEALTHY pid=27120 uptime_s=570 crashes=0 restarts_used=0/5 restarts_remaining=5 detail=monitor_tick=114 health_interval_s=5
2026-04-07 17:17:18,559 | watchdog             | INFO     | [WATCHDOG_STATUS] state=HEALTHY pid=27120 uptime_s=575 crashes=0 restarts_used=0/5 restarts_remaining=5 detail=monitor_tick=115 health_interval_s=5
2026-04-07 17:17:23,560 | watchdog             | INFO     | [WATCHDOG_STATUS] state=HEALTHY pid=27120 uptime_s=580 crashes=0 restarts_used=0/5 restarts_remaining=5 detail=monitor_tick=116 health_interval_s=5
2026-04-07 17:17:28,560 | watchdog             | INFO     | [WATCHDOG_STATUS] state=HEALTHY pid=27120 uptime_s=585 crashes=0 restarts_used=0/5 restarts_remaining=5 detail=monitor_tick=117 health_interval_s=5
2026-04-07 17:17:33,561 | watchdog             | INFO     | [WATCHDOG_STATUS] state=HEALTHY pid=27120 uptime_s=590 crashes=0 restarts_used=0/5 restarts_remaining=5 detail=monitor_tick=118 health_interval_s=5
2026-04-07 17:17:38,562 | watchdog             | INFO     | [WATCHDOG_STATUS] state=HEALTHY pid=27120 uptime_s=595 crashes=0 restarts_used=0/5 restarts_remaining=5 detail=monitor_tick=119 health_interval_s=5
2026-04-07 17:17:43,563 | watchdog             | INFO     | [WATCHDOG_STATUS] state=HEALTHY pid=27120 uptime_s=600 crashes=0 restarts_used=0/5 restarts_remaining=5 detail=monitor_tick=120 health_interval_s=5
2026-04-07 17:17:48,565 | watchdog             | INFO     | [WATCHDOG_STATUS] state=HEALTHY pid=27120 uptime_s=605 crashes=0 restarts_used=0/5 restarts_remaining=5 detail=monitor_tick=121 health_interval_s=5
2026-04-07 17:17:53,565 | watchdog             | INFO     | [WATCHDOG_STATUS] state=HEALTHY pid=27120 uptime_s=610 crashes=0 restarts_used=0/5 restarts_remaining=5 detail=monitor_tick=122 health_interval_s=5
2026-04-07 17:17:58,566 | watchdog             | INFO     | [WATCHDOG_STATUS] state=HEALTHY pid=27120 uptime_s=615 crashes=0 restarts_used=0/5 restarts_remaining=5 detail=monitor_tick=123 health_interval_s=5
2026-04-07 17:18:03,567 | watchdog             | INFO     | [WATCHDOG_STATUS] state=HEALTHY pid=27120 uptime_s=620 crashes=0 restarts_used=0/5 restarts_remaining=5 detail=monitor_tick=124 health_interval_s=5
2026-04-07 17:18:08,568 | watchdog             | INFO     | [WATCHDOG_STATUS] state=HEALTHY pid=27120 uptime_s=625 crashes=0 restarts_used=0/5 restarts_remaining=5 detail=monitor_tick=125 health_interval_s=5
2026-04-07 17:18:13,568 | watchdog             | INFO     | [WATCHDOG_STATUS] state=HEALTHY pid=27120 uptime_s=630 crashes=0 restarts_used=0/5 restarts_remaining=5 detail=monitor_tick=126 health_interval_s=5
2026-04-07 17:18:18,569 | watchdog             | INFO     | [WATCHDOG_STATUS] state=HEALTHY pid=27120 uptime_s=635 crashes=0 restarts_used=0/5 restarts_remaining=5 detail=monitor_tick=127 health_interval_s=5
2026-04-07 17:18:23,570 | watchdog             | INFO     | [WATCHDOG_STATUS] state=HEALTHY pid=27120 uptime_s=640 crashes=0 restarts_used=0/5 restarts_remaining=5 detail=monitor_tick=128 health_interval_s=5
2026-04-07 17:18:28,571 | watchdog             | INFO     | [WATCHDOG_STATUS] state=HEALTHY pid=27120 uptime_s=645 crashes=0 restarts_used=0/5 restarts_remaining=5 detail=monitor_tick=129 health_interval_s=5
2026-04-07 17:18:33,572 | watchdog             | INFO     | [WATCHDOG_STATUS] state=HEALTHY pid=27120 uptime_s=650 crashes=0 restarts_used=0/5 restarts_remaining=5 detail=monitor_tick=130 health_interval_s=5
2026-04-07 17:18:38,572 | watchdog             | INFO     | [WATCHDOG_STATUS] state=HEALTHY pid=27120 uptime_s=655 crashes=0 restarts_used=0/5 restarts_remaining=5 detail=monitor_tick=131 health_interval_s=5
2026-04-07 17:18:43,573 | watchdog             | INFO     | [WATCHDOG_STATUS] state=HEALTHY pid=27120 uptime_s=660 crashes=0 restarts_used=0/5 restarts_remaining=5 detail=monitor_tick=132 health_interval_s=5
2026-04-07 17:18:48,574 | watchdog             | INFO     | [WATCHDOG_STATUS] state=HEALTHY pid=27120 uptime_s=665 crashes=0 restarts_used=0/5 restarts_remaining=5 detail=monitor_tick=133 health_interval_s=5
2026-04-07 17:18:53,575 | watchdog             | INFO     | [WATCHDOG_STATUS] state=HEALTHY pid=27120 uptime_s=670 crashes=0 restarts_used=0/5 restarts_remaining=5 detail=monitor_tick=134 health_interval_s=5
2026-04-07 17:18:58,575 | watchdog             | INFO     | [WATCHDOG_STATUS] state=HEALTHY pid=27120 uptime_s=675 crashes=0 restarts_used=0/5 restarts_remaining=5 detail=monitor_tick=135 health_interval_s=5
2026-04-07 17:19:03,576 | watchdog             | INFO     | [WATCHDOG_STATUS] state=HEALTHY pid=27120 uptime_s=680 crashes=0 restarts_used=0/5 restarts_remaining=5 detail=monitor_tick=136 health_interval_s=5
2026-04-07 17:19:08,578 | watchdog             | INFO     | [WATCHDOG_STATUS] state=HEALTHY pid=27120 uptime_s=685 crashes=0 restarts_used=0/5 restarts_remaining=5 detail=monitor_tick=137 health_interval_s=5
2026-04-07 17:19:13,578 | watchdog             | INFO     | [WATCHDOG_STATUS] state=HEALTHY pid=27120 uptime_s=690 crashes=0 restarts_used=0/5 restarts_remaining=5 detail=monitor_tick=138 health_interval_s=5
2026-04-07 17:19:18,579 | watchdog             | INFO     | [WATCHDOG_STATUS] state=HEALTHY pid=27120 uptime_s=695 crashes=0 restarts_used=0/5 restarts_remaining=5 detail=monitor_tick=139 health_interval_s=5
2026-04-07 17:19:23,580 | watchdog             | INFO     | [WATCHDOG_STATUS] state=HEALTHY pid=27120 uptime_s=700 crashes=0 restarts_used=0/5 restarts_remaining=5 detail=monitor_tick=140 health_interval_s=5
2026-04-07 17:19:28,581 | watchdog             | INFO     | [WATCHDOG_STATUS] state=HEALTHY pid=27120 uptime_s=705 crashes=0 restarts_used=0/5 restarts_remaining=5 detail=monitor_tick=141 health_interval_s=5
2026-04-07 17:19:33,582 | watchdog             | INFO     | [WATCHDOG_STATUS] state=HEALTHY pid=27120 uptime_s=710 crashes=0 restarts_used=0/5 restarts_remaining=5 detail=monitor_tick=142 health_interval_s=5
2026-04-07 17:19:38,583 | watchdog             | INFO     | [WATCHDOG_STATUS] state=HEALTHY pid=27120 uptime_s=715 crashes=0 restarts_used=0/5 restarts_remaining=5 detail=monitor_tick=143 health_interval_s=5
2026-04-07 17:19:43,584 | watchdog             | INFO     | [WATCHDOG_STATUS] state=HEALTHY pid=27120 uptime_s=720 crashes=0 restarts_used=0/5 restarts_remaining=5 detail=monitor_tick=144 health_interval_s=5
2026-04-07 17:19:48,585 | watchdog             | INFO     | [WATCHDOG_STATUS] state=HEALTHY pid=27120 uptime_s=725 crashes=0 restarts_used=0/5 restarts_remaining=5 detail=monitor_tick=145 health_interval_s=5
2026-04-07 17:19:53,585 | watchdog             | INFO     | [WATCHDOG_STATUS] state=HEALTHY pid=27120 uptime_s=730 crashes=0 restarts_used=0/5 restarts_remaining=5 detail=monitor_tick=146 health_interval_s=5
2026-04-07 17:19:58,586 | watchdog             | INFO     | [WATCHDOG_STATUS] state=HEALTHY pid=27120 uptime_s=735 crashes=0 restarts_used=0/5 restarts_remaining=5 detail=monitor_tick=147 health_interval_s=5
2026-04-07 17:20:03,588 | watchdog             | INFO     | [WATCHDOG_STATUS] state=HEALTHY pid=27120 uptime_s=740 crashes=0 restarts_used=0/5 restarts_remaining=5 detail=monitor_tick=148 health_interval_s=5
2026-04-07 17:20:08,589 | watchdog             | INFO     | [WATCHDOG_STATUS] state=HEALTHY pid=27120 uptime_s=745 crashes=0 restarts_used=0/5 restarts_remaining=5 detail=monitor_tick=149 health_interval_s=5
2026-04-07 17:20:13,590 | watchdog             | INFO     | [WATCHDOG_STATUS] state=HEALTHY pid=27120 uptime_s=750 crashes=0 restarts_used=0/5 restarts_remaining=5 detail=monitor_tick=150 health_interval_s=5
2026-04-07 17:20:18,590 | watchdog             | INFO     | [WATCHDOG_STATUS] state=HEALTHY pid=27120 uptime_s=755 crashes=0 restarts_used=0/5 restarts_remaining=5 detail=monitor_tick=151 health_interval_s=5
2026-04-07 17:20:23,592 | watchdog             | INFO     | [WATCHDOG_STATUS] state=HEALTHY pid=27120 uptime_s=760 crashes=0 restarts_used=0/5 restarts_remaining=5 detail=monitor_tick=152 health_interval_s=5
2026-04-07 17:20:28,592 | watchdog             | INFO     | [WATCHDOG_STATUS] state=HEALTHY pid=27120 uptime_s=765 crashes=0 restarts_used=0/5 restarts_remaining=5 detail=monitor_tick=153 health_interval_s=5
2026-04-07 17:20:33,593 | watchdog             | INFO     | [WATCHDOG_STATUS] state=HEALTHY pid=27120 uptime_s=770 crashes=0 restarts_used=0/5 restarts_remaining=5 detail=monitor_tick=154 health_interval_s=5
2026-04-07 17:20:38,594 | watchdog             | INFO     | [WATCHDOG_STATUS] state=HEALTHY pid=27120 uptime_s=775 crashes=0 restarts_used=0/5 restarts_remaining=5 detail=monitor_tick=155 health_interval_s=5
2026-04-07 17:20:43,595 | watchdog             | INFO     | [WATCHDOG_STATUS] state=HEALTHY pid=27120 uptime_s=780 crashes=0 restarts_used=0/5 restarts_remaining=5 detail=monitor_tick=156 health_interval_s=5
2026-04-07 17:20:48,595 | watchdog             | INFO     | [WATCHDOG_STATUS] state=HEALTHY pid=27120 uptime_s=785 crashes=0 restarts_used=0/5 restarts_remaining=5 detail=monitor_tick=157 health_interval_s=5
2026-04-07 17:20:53,596 | watchdog             | INFO     | [WATCHDOG_STATUS] state=HEALTHY pid=27120 uptime_s=790 crashes=0 restarts_used=0/5 restarts_remaining=5 detail=monitor_tick=158 health_interval_s=5
2026-04-07 17:20:58,598 | watchdog             | INFO     | [WATCHDOG_STATUS] state=HEALTHY pid=27120 uptime_s=795 crashes=0 restarts_used=0/5 restarts_remaining=5 detail=monitor_tick=159 health_interval_s=5
2026-04-07 17:21:03,598 | watchdog             | INFO     | [WATCHDOG_STATUS] state=HEALTHY pid=27120 uptime_s=800 crashes=0 restarts_used=0/5 restarts_remaining=5 detail=monitor_tick=160 health_interval_s=5
2026-04-07 17:21:08,599 | watchdog             | INFO     | [WATCHDOG_STATUS] state=HEALTHY pid=27120 uptime_s=805 crashes=0 restarts_used=0/5 restarts_remaining=5 detail=monitor_tick=161 health_interval_s=5
2026-04-07 17:21:13,600 | watchdog             | INFO     | [WATCHDOG_STATUS] state=HEALTHY pid=27120 uptime_s=810 crashes=0 restarts_used=0/5 restarts_remaining=5 detail=monitor_tick=162 health_interval_s=5
2026-04-07 17:21:18,600 | watchdog             | INFO     | [WATCHDOG_STATUS] state=HEALTHY pid=27120 uptime_s=815 crashes=0 restarts_used=0/5 restarts_remaining=5 detail=monitor_tick=163 health_interval_s=5
2026-04-07 17:21:23,601 | watchdog             | INFO     | [WATCHDOG_STATUS] state=HEALTHY pid=27120 uptime_s=820 crashes=0 restarts_used=0/5 restarts_remaining=5 detail=monitor_tick=164 health_interval_s=5
2026-04-07 17:21:28,602 | watchdog             | INFO     | [WATCHDOG_STATUS] state=HEALTHY pid=27120 uptime_s=825 crashes=0 restarts_used=0/5 restarts_remaining=5 detail=monitor_tick=165 health_interval_s=5
2026-04-07 17:21:33,603 | watchdog             | INFO     | [WATCHDOG_STATUS] state=HEALTHY pid=27120 uptime_s=830 crashes=0 restarts_used=0/5 restarts_remaining=5 detail=monitor_tick=166 health_interval_s=5
2026-04-07 17:21:38,604 | watchdog             | INFO     | [WATCHDOG_STATUS] state=HEALTHY pid=27120 uptime_s=835 crashes=0 restarts_used=0/5 restarts_remaining=5 detail=monitor_tick=167 health_interval_s=5
2026-04-07 17:21:43,604 | watchdog             | INFO     | [WATCHDOG_STATUS] state=HEALTHY pid=27120 uptime_s=840 crashes=0 restarts_used=0/5 restarts_remaining=5 detail=monitor_tick=168 health_interval_s=5
2026-04-07 17:21:48,605 | watchdog             | INFO     | [WATCHDOG_STATUS] state=HEALTHY pid=27120 uptime_s=845 crashes=0 restarts_used=0/5 restarts_remaining=5 detail=monitor_tick=169 health_interval_s=5
2026-04-07 17:21:53,606 | watchdog             | INFO     | [WATCHDOG_STATUS] state=HEALTHY pid=27120 uptime_s=850 crashes=0 restarts_used=0/5 restarts_remaining=5 detail=monitor_tick=170 health_interval_s=5
2026-04-07 17:21:58,606 | watchdog             | INFO     | [WATCHDOG_STATUS] state=HEALTHY pid=27120 uptime_s=855 crashes=0 restarts_used=0/5 restarts_remaining=5 detail=monitor_tick=171 health_interval_s=5
2026-04-07 17:22:03,607 | watchdog             | INFO     | [WATCHDOG_STATUS] state=HEALTHY pid=27120 uptime_s=860 crashes=0 restarts_used=0/5 restarts_remaining=5 detail=monitor_tick=172 health_interval_s=5
2026-04-07 17:22:08,607 | watchdog             | INFO     | [WATCHDOG_STATUS] state=HEALTHY pid=27120 uptime_s=865 crashes=0 restarts_used=0/5 restarts_remaining=5 detail=monitor_tick=173 health_interval_s=5
2026-04-07 17:22:13,608 | watchdog             | INFO     | [WATCHDOG_STATUS] state=HEALTHY pid=27120 uptime_s=870 crashes=0 restarts_used=0/5 restarts_remaining=5 detail=monitor_tick=174 health_interval_s=5
2026-04-07 17:22:18,477 | watchdog             | INFO     | Windows sleep prevention active.
2026-04-07 17:22:18,477 | watchdog             | INFO     | Starting Watchdog supervisor...
2026-04-07 17:22:18,477 | watchdog             | INFO     | =================================================================
2026-04-07 17:22:18,478 | watchdog             | INFO     | WATCHDOG STARTED
2026-04-07 17:22:18,478 | watchdog             | INFO     |   Config path:        C:\Users\mohan\OneDrive\Desktop\E-Commerce Market Dynamics & XAI Forecasting Engine\Web Scrapper\config\config.json
2026-04-07 17:22:18,478 | watchdog             | INFO     |   Developer:          mohannad_zahra
2026-04-07 17:22:18,478 | watchdog             | INFO     |   Scraper:            C:\Users\mohan\AppData\Local\Programs\Python\Python313\python.exe C:\Users\mohan\OneDrive\Desktop\E-Commerce Market Dynamics & XAI Forecasting Engine\Web Scrapper\scraper.py
2026-04-07 17:22:18,478 | watchdog             | INFO     |   Health check:       every 5s
2026-04-07 17:22:18,478 | watchdog             | INFO     |   Max restarts:       5
2026-04-07 17:22:18,478 | watchdog             | INFO     |   Heartbeat cadence:  every 1 health checks
2026-04-07 17:22:18,478 | watchdog             | INFO     | =================================================================
2026-04-07 17:22:18,478 | watchdog             | INFO     | [WATCHDOG_STATUS] state=STARTUP pid=n/a uptime_s=0 crashes=0 restarts_used=0/5 restarts_remaining=5 detail=watchdog loop initialized
2026-04-07 17:22:18,478 | watchdog             | INFO     | Launching scraper: C:\Users\mohan\AppData\Local\Programs\Python\Python313\python.exe C:\Users\mohan\OneDrive\Desktop\E-Commerce Market Dynamics & XAI Forecasting Engine\Web Scrapper\scraper.py
2026-04-07 17:22:18,484 | watchdog             | INFO     | Scraper launched successfully (PID=16952)
2026-04-07 17:22:18,484 | watchdog             | INFO     | [WATCHDOG_STATUS] state=LAUNCHED pid=16952 uptime_s=0 crashes=0 restarts_used=0/5 restarts_remaining=5 detail=child process started
2026-04-07 17:22:18,609 | watchdog             | INFO     | [WATCHDOG_STATUS] state=HEALTHY pid=27120 uptime_s=875 crashes=0 restarts_used=0/5 restarts_remaining=5 detail=monitor_tick=175 health_interval_s=5
2026-04-07 17:22:23,485 | watchdog             | INFO     | [WATCHDOG_STATUS] state=HEALTHY pid=16952 uptime_s=5 crashes=0 restarts_used=0/5 restarts_remaining=5 detail=monitor_tick=1 health_interval_s=5
2026-04-07 17:22:23,610 | watchdog             | INFO     | [WATCHDOG_STATUS] state=HEALTHY pid=27120 uptime_s=880 crashes=0 restarts_used=0/5 restarts_remaining=5 detail=monitor_tick=176 health_interval_s=5
2026-04-07 17:22:28,485 | watchdog             | INFO     | [WATCHDOG_STATUS] state=HEALTHY pid=16952 uptime_s=10 crashes=0 restarts_used=0/5 restarts_remaining=5 detail=monitor_tick=2 health_interval_s=5
2026-04-07 17:22:28,610 | watchdog             | INFO     | [WATCHDOG_STATUS] state=HEALTHY pid=27120 uptime_s=885 crashes=0 restarts_used=0/5 restarts_remaining=5 detail=monitor_tick=177 health_interval_s=5
2026-04-07 17:22:33,486 | watchdog             | INFO     | [WATCHDOG_STATUS] state=HEALTHY pid=16952 uptime_s=15 crashes=0 restarts_used=0/5 restarts_remaining=5 detail=monitor_tick=3 health_interval_s=5
2026-04-07 17:22:33,611 | watchdog             | INFO     | [WATCHDOG_STATUS] state=HEALTHY pid=27120 uptime_s=890 crashes=0 restarts_used=0/5 restarts_remaining=5 detail=monitor_tick=178 health_interval_s=5
2026-04-07 17:22:38,487 | watchdog             | INFO     | [WATCHDOG_STATUS] state=HEALTHY pid=16952 uptime_s=20 crashes=0 restarts_used=0/5 restarts_remaining=5 detail=monitor_tick=4 health_interval_s=5
2026-04-07 17:22:38,611 | watchdog             | INFO     | [WATCHDOG_STATUS] state=HEALTHY pid=27120 uptime_s=895 crashes=0 restarts_used=0/5 restarts_remaining=5 detail=monitor_tick=179 health_interval_s=5
2026-04-07 17:22:43,489 | watchdog             | INFO     | [WATCHDOG_STATUS] state=HEALTHY pid=16952 uptime_s=25 crashes=0 restarts_used=0/5 restarts_remaining=5 detail=monitor_tick=5 health_interval_s=5
2026-04-07 17:22:43,612 | watchdog             | INFO     | [WATCHDOG_STATUS] state=HEALTHY pid=27120 uptime_s=900 crashes=0 restarts_used=0/5 restarts_remaining=5 detail=monitor_tick=180 health_interval_s=5
2026-04-07 17:22:48,489 | watchdog             | INFO     | [WATCHDOG_STATUS] state=HEALTHY pid=16952 uptime_s=30 crashes=0 restarts_used=0/5 restarts_remaining=5 detail=monitor_tick=6 health_interval_s=5
2026-04-07 17:22:48,613 | watchdog             | INFO     | [WATCHDOG_STATUS] state=HEALTHY pid=27120 uptime_s=905 crashes=0 restarts_used=0/5 restarts_remaining=5 detail=monitor_tick=181 health_interval_s=5
2026-04-07 17:22:53,490 | watchdog             | INFO     | [WATCHDOG_STATUS] state=HEALTHY pid=16952 uptime_s=35 crashes=0 restarts_used=0/5 restarts_remaining=5 detail=monitor_tick=7 health_interval_s=5
2026-04-07 17:22:53,613 | watchdog             | INFO     | [WATCHDOG_STATUS] state=HEALTHY pid=27120 uptime_s=910 crashes=0 restarts_used=0/5 restarts_remaining=5 detail=monitor_tick=182 health_interval_s=5
2026-04-07 17:22:58,491 | watchdog             | INFO     | [WATCHDOG_STATUS] state=HEALTHY pid=16952 uptime_s=40 crashes=0 restarts_used=0/5 restarts_remaining=5 detail=monitor_tick=8 health_interval_s=5
2026-04-07 17:22:58,614 | watchdog             | INFO     | [WATCHDOG_STATUS] state=HEALTHY pid=27120 uptime_s=915 crashes=0 restarts_used=0/5 restarts_remaining=5 detail=monitor_tick=183 health_interval_s=5
2026-04-07 17:23:03,492 | watchdog             | INFO     | [WATCHDOG_STATUS] state=HEALTHY pid=16952 uptime_s=45 crashes=0 restarts_used=0/5 restarts_remaining=5 detail=monitor_tick=9 health_interval_s=5
2026-04-07 17:23:03,614 | watchdog             | INFO     | [WATCHDOG_STATUS] state=HEALTHY pid=27120 uptime_s=920 crashes=0 restarts_used=0/5 restarts_remaining=5 detail=monitor_tick=184 health_interval_s=5
2026-04-07 17:23:08,493 | watchdog             | INFO     | [WATCHDOG_STATUS] state=HEALTHY pid=16952 uptime_s=50 crashes=0 restarts_used=0/5 restarts_remaining=5 detail=monitor_tick=10 health_interval_s=5
2026-04-07 17:23:08,614 | watchdog             | INFO     | [WATCHDOG_STATUS] state=HEALTHY pid=27120 uptime_s=925 crashes=0 restarts_used=0/5 restarts_remaining=5 detail=monitor_tick=185 health_interval_s=5
2026-04-07 17:23:13,494 | watchdog             | INFO     | [WATCHDOG_STATUS] state=HEALTHY pid=16952 uptime_s=55 crashes=0 restarts_used=0/5 restarts_remaining=5 detail=monitor_tick=11 health_interval_s=5
2026-04-07 17:23:13,615 | watchdog             | INFO     | [WATCHDOG_STATUS] state=HEALTHY pid=27120 uptime_s=930 crashes=0 restarts_used=0/5 restarts_remaining=5 detail=monitor_tick=186 health_interval_s=5
2026-04-07 17:23:18,494 | watchdog             | INFO     | [WATCHDOG_STATUS] state=HEALTHY pid=16952 uptime_s=60 crashes=0 restarts_used=0/5 restarts_remaining=5 detail=monitor_tick=12 health_interval_s=5
2026-04-07 17:23:18,616 | watchdog             | INFO     | [WATCHDOG_STATUS] state=HEALTHY pid=27120 uptime_s=935 crashes=0 restarts_used=0/5 restarts_remaining=5 detail=monitor_tick=187 health_interval_s=5
2026-04-07 17:23:23,495 | watchdog             | INFO     | [WATCHDOG_STATUS] state=HEALTHY pid=16952 uptime_s=65 crashes=0 restarts_used=0/5 restarts_remaining=5 detail=monitor_tick=13 health_interval_s=5
2026-04-07 17:23:23,617 | watchdog             | INFO     | [WATCHDOG_STATUS] state=HEALTHY pid=27120 uptime_s=940 crashes=0 restarts_used=0/5 restarts_remaining=5 detail=monitor_tick=188 health_interval_s=5
2026-04-07 17:23:28,496 | watchdog             | INFO     | [WATCHDOG_STATUS] state=HEALTHY pid=16952 uptime_s=70 crashes=0 restarts_used=0/5 restarts_remaining=5 detail=monitor_tick=14 health_interval_s=5
2026-04-07 17:23:28,617 | watchdog             | INFO     | [WATCHDOG_STATUS] state=HEALTHY pid=27120 uptime_s=945 crashes=0 restarts_used=0/5 restarts_remaining=5 detail=monitor_tick=189 health_interval_s=5
2026-04-07 17:23:33,501 | watchdog             | INFO     | [WATCHDOG_STATUS] state=HEALTHY pid=16952 uptime_s=75 crashes=0 restarts_used=0/5 restarts_remaining=5 detail=monitor_tick=15 health_interval_s=5
2026-04-07 17:23:33,635 | watchdog             | INFO     | [WATCHDOG_STATUS] state=HEALTHY pid=27120 uptime_s=950 crashes=0 restarts_used=0/5 restarts_remaining=5 detail=monitor_tick=190 health_interval_s=5
2026-04-07 17:23:38,503 | watchdog             | INFO     | [WATCHDOG_STATUS] state=HEALTHY pid=16952 uptime_s=80 crashes=0 restarts_used=0/5 restarts_remaining=5 detail=monitor_tick=16 health_interval_s=5
2026-04-07 17:23:38,636 | watchdog             | INFO     | [WATCHDOG_STATUS] state=HEALTHY pid=27120 uptime_s=955 crashes=0 restarts_used=0/5 restarts_remaining=5 detail=monitor_tick=191 health_interval_s=5
2026-04-07 17:23:43,504 | watchdog             | INFO     | [WATCHDOG_STATUS] state=HEALTHY pid=16952 uptime_s=85 crashes=0 restarts_used=0/5 restarts_remaining=5 detail=monitor_tick=17 health_interval_s=5
2026-04-07 17:23:43,638 | watchdog             | INFO     | [WATCHDOG_STATUS] state=HEALTHY pid=27120 uptime_s=960 crashes=0 restarts_used=0/5 restarts_remaining=5 detail=monitor_tick=192 health_interval_s=5
2026-04-07 17:23:48,505 | watchdog             | INFO     | [WATCHDOG_STATUS] state=HEALTHY pid=16952 uptime_s=90 crashes=0 restarts_used=0/5 restarts_remaining=5 detail=monitor_tick=18 health_interval_s=5
2026-04-07 17:23:48,639 | watchdog             | INFO     | [WATCHDOG_STATUS] state=HEALTHY pid=27120 uptime_s=965 crashes=0 restarts_used=0/5 restarts_remaining=5 detail=monitor_tick=193 health_interval_s=5
2026-04-07 17:23:53,505 | watchdog             | INFO     | [WATCHDOG_STATUS] state=HEALTHY pid=16952 uptime_s=95 crashes=0 restarts_used=0/5 restarts_remaining=5 detail=monitor_tick=19 health_interval_s=5
2026-04-07 17:23:53,639 | watchdog             | INFO     | [WATCHDOG_STATUS] state=HEALTHY pid=27120 uptime_s=970 crashes=0 restarts_used=0/5 restarts_remaining=5 detail=monitor_tick=194 health_interval_s=5
2026-04-07 17:23:58,506 | watchdog             | INFO     | [WATCHDOG_STATUS] state=HEALTHY pid=16952 uptime_s=100 crashes=0 restarts_used=0/5 restarts_remaining=5 detail=monitor_tick=20 health_interval_s=5
2026-04-07 17:23:58,640 | watchdog             | INFO     | [WATCHDOG_STATUS] state=HEALTHY pid=27120 uptime_s=975 crashes=0 restarts_used=0/5 restarts_remaining=5 detail=monitor_tick=195 health_interval_s=5
2026-04-07 17:24:03,507 | watchdog             | INFO     | [WATCHDOG_STATUS] state=HEALTHY pid=16952 uptime_s=105 crashes=0 restarts_used=0/5 restarts_remaining=5 detail=monitor_tick=21 health_interval_s=5
2026-04-07 17:24:03,640 | watchdog             | INFO     | [WATCHDOG_STATUS] state=HEALTHY pid=27120 uptime_s=980 crashes=0 restarts_used=0/5 restarts_remaining=5 detail=monitor_tick=196 health_interval_s=5
2026-04-07 17:24:08,508 | watchdog             | INFO     | [WATCHDOG_STATUS] state=HEALTHY pid=16952 uptime_s=110 crashes=0 restarts_used=0/5 restarts_remaining=5 detail=monitor_tick=22 health_interval_s=5
2026-04-07 17:24:08,641 | watchdog             | INFO     | [WATCHDOG_STATUS] state=HEALTHY pid=27120 uptime_s=985 crashes=0 restarts_used=0/5 restarts_remaining=5 detail=monitor_tick=197 health_interval_s=5
2026-04-07 17:24:13,508 | watchdog             | INFO     | [WATCHDOG_STATUS] state=HEALTHY pid=16952 uptime_s=115 crashes=0 restarts_used=0/5 restarts_remaining=5 detail=monitor_tick=23 health_interval_s=5
2026-04-07 17:24:13,642 | watchdog             | INFO     | [WATCHDOG_STATUS] state=HEALTHY pid=27120 uptime_s=990 crashes=0 restarts_used=0/5 restarts_remaining=5 detail=monitor_tick=198 health_interval_s=5
2026-04-07 17:24:18,509 | watchdog             | INFO     | [WATCHDOG_STATUS] state=HEALTHY pid=16952 uptime_s=120 crashes=0 restarts_used=0/5 restarts_remaining=5 detail=monitor_tick=24 health_interval_s=5
2026-04-07 17:24:18,642 | watchdog             | INFO     | [WATCHDOG_STATUS] state=HEALTHY pid=27120 uptime_s=995 crashes=0 restarts_used=0/5 restarts_remaining=5 detail=monitor_tick=199 health_interval_s=5
2026-04-07 17:24:23,509 | watchdog             | INFO     | [WATCHDOG_STATUS] state=HEALTHY pid=16952 uptime_s=125 crashes=0 restarts_used=0/5 restarts_remaining=5 detail=monitor_tick=25 health_interval_s=5
2026-04-07 17:24:23,643 | watchdog             | INFO     | [WATCHDOG_STATUS] state=HEALTHY pid=27120 uptime_s=1000 crashes=0 restarts_used=0/5 restarts_remaining=5 detail=monitor_tick=200 health_interval_s=5
2026-04-07 17:24:28,511 | watchdog             | INFO     | [WATCHDOG_STATUS] state=HEALTHY pid=16952 uptime_s=130 crashes=0 restarts_used=0/5 restarts_remaining=5 detail=monitor_tick=26 health_interval_s=5
2026-04-07 17:24:28,644 | watchdog             | INFO     | [WATCHDOG_STATUS] state=HEALTHY pid=27120 uptime_s=1005 crashes=0 restarts_used=0/5 restarts_remaining=5 detail=monitor_tick=201 health_interval_s=5
2026-04-07 17:24:33,511 | watchdog             | INFO     | [WATCHDOG_STATUS] state=HEALTHY pid=16952 uptime_s=135 crashes=0 restarts_used=0/5 restarts_remaining=5 detail=monitor_tick=27 health_interval_s=5
2026-04-07 17:24:33,644 | watchdog             | INFO     | [WATCHDOG_STATUS] state=HEALTHY pid=27120 uptime_s=1010 crashes=0 restarts_used=0/5 restarts_remaining=5 detail=monitor_tick=202 health_interval_s=5
2026-04-07 17:24:38,512 | watchdog             | INFO     | [WATCHDOG_STATUS] state=HEALTHY pid=16952 uptime_s=140 crashes=0 restarts_used=0/5 restarts_remaining=5 detail=monitor_tick=28 health_interval_s=5
2026-04-07 17:24:38,645 | watchdog             | INFO     | [WATCHDOG_STATUS] state=HEALTHY pid=27120 uptime_s=1015 crashes=0 restarts_used=0/5 restarts_remaining=5 detail=monitor_tick=203 health_interval_s=5
2026-04-07 17:24:43,513 | watchdog             | INFO     | [WATCHDOG_STATUS] state=HEALTHY pid=16952 uptime_s=145 crashes=0 restarts_used=0/5 restarts_remaining=5 detail=monitor_tick=29 health_interval_s=5
2026-04-07 17:24:43,645 | watchdog             | INFO     | [WATCHDOG_STATUS] state=HEALTHY pid=27120 uptime_s=1020 crashes=0 restarts_used=0/5 restarts_remaining=5 detail=monitor_tick=204 health_interval_s=5
2026-04-07 17:24:48,514 | watchdog             | INFO     | [WATCHDOG_STATUS] state=HEALTHY pid=16952 uptime_s=150 crashes=0 restarts_used=0/5 restarts_remaining=5 detail=monitor_tick=30 health_interval_s=5
2026-04-07 17:24:48,646 | watchdog             | INFO     | [WATCHDOG_STATUS] state=HEALTHY pid=27120 uptime_s=1025 crashes=0 restarts_used=0/5 restarts_remaining=5 detail=monitor_tick=205 health_interval_s=5
2026-04-07 17:24:53,514 | watchdog             | INFO     | [WATCHDOG_STATUS] state=HEALTHY pid=16952 uptime_s=155 crashes=0 restarts_used=0/5 restarts_remaining=5 detail=monitor_tick=31 health_interval_s=5
2026-04-07 17:24:53,647 | watchdog             | INFO     | [WATCHDOG_STATUS] state=HEALTHY pid=27120 uptime_s=1030 crashes=0 restarts_used=0/5 restarts_remaining=5 detail=monitor_tick=206 health_interval_s=5
2026-04-07 17:24:58,515 | watchdog             | INFO     | [WATCHDOG_STATUS] state=HEALTHY pid=16952 uptime_s=160 crashes=0 restarts_used=0/5 restarts_remaining=5 detail=monitor_tick=32 health_interval_s=5
2026-04-07 17:24:58,647 | watchdog             | INFO     | [WATCHDOG_STATUS] state=HEALTHY pid=27120 uptime_s=1035 crashes=0 restarts_used=0/5 restarts_remaining=5 detail=monitor_tick=207 health_interval_s=5
2026-04-07 17:25:03,516 | watchdog             | INFO     | [WATCHDOG_STATUS] state=HEALTHY pid=16952 uptime_s=165 crashes=0 restarts_used=0/5 restarts_remaining=5 detail=monitor_tick=33 health_interval_s=5
2026-04-07 17:25:03,648 | watchdog             | INFO     | [WATCHDOG_STATUS] state=HEALTHY pid=27120 uptime_s=1040 crashes=0 restarts_used=0/5 restarts_remaining=5 detail=monitor_tick=208 health_interval_s=5
2026-04-07 17:25:08,516 | watchdog             | INFO     | [WATCHDOG_STATUS] state=HEALTHY pid=16952 uptime_s=170 crashes=0 restarts_used=0/5 restarts_remaining=5 detail=monitor_tick=34 health_interval_s=5
2026-04-07 17:25:08,649 | watchdog             | INFO     | [WATCHDOG_STATUS] state=HEALTHY pid=27120 uptime_s=1045 crashes=0 restarts_used=0/5 restarts_remaining=5 detail=monitor_tick=209 health_interval_s=5
2026-04-07 17:25:13,517 | watchdog             | INFO     | [WATCHDOG_STATUS] state=HEALTHY pid=16952 uptime_s=175 crashes=0 restarts_used=0/5 restarts_remaining=5 detail=monitor_tick=35 health_interval_s=5
2026-04-07 17:25:13,650 | watchdog             | INFO     | [WATCHDOG_STATUS] state=HEALTHY pid=27120 uptime_s=1050 crashes=0 restarts_used=0/5 restarts_remaining=5 detail=monitor_tick=210 health_interval_s=5
2026-04-07 17:25:18,518 | watchdog             | INFO     | [WATCHDOG_STATUS] state=HEALTHY pid=16952 uptime_s=180 crashes=0 restarts_used=0/5 restarts_remaining=5 detail=monitor_tick=36 health_interval_s=5
2026-04-07 17:25:18,650 | watchdog             | INFO     | [WATCHDOG_STATUS] state=HEALTHY pid=27120 uptime_s=1055 crashes=0 restarts_used=0/5 restarts_remaining=5 detail=monitor_tick=211 health_interval_s=5
2026-04-07 17:25:23,518 | watchdog             | INFO     | [WATCHDOG_STATUS] state=HEALTHY pid=16952 uptime_s=185 crashes=0 restarts_used=0/5 restarts_remaining=5 detail=monitor_tick=37 health_interval_s=5
2026-04-07 17:25:23,651 | watchdog             | INFO     | [WATCHDOG_STATUS] state=HEALTHY pid=27120 uptime_s=1060 crashes=0 restarts_used=0/5 restarts_remaining=5 detail=monitor_tick=212 health_interval_s=5
2026-04-07 17:25:28,519 | watchdog             | INFO     | [WATCHDOG_STATUS] state=HEALTHY pid=16952 uptime_s=190 crashes=0 restarts_used=0/5 restarts_remaining=5 detail=monitor_tick=38 health_interval_s=5
2026-04-07 17:25:28,652 | watchdog             | INFO     | [WATCHDOG_STATUS] state=HEALTHY pid=27120 uptime_s=1065 crashes=0 restarts_used=0/5 restarts_remaining=5 detail=monitor_tick=213 health_interval_s=5
2026-04-07 17:25:33,520 | watchdog             | INFO     | [WATCHDOG_STATUS] state=HEALTHY pid=16952 uptime_s=195 crashes=0 restarts_used=0/5 restarts_remaining=5 detail=monitor_tick=39 health_interval_s=5
2026-04-07 17:25:33,653 | watchdog             | INFO     | [WATCHDOG_STATUS] state=HEALTHY pid=27120 uptime_s=1070 crashes=0 restarts_used=0/5 restarts_remaining=5 detail=monitor_tick=214 health_interval_s=5
2026-04-07 17:25:38,522 | watchdog             | INFO     | [WATCHDOG_STATUS] state=HEALTHY pid=16952 uptime_s=200 crashes=0 restarts_used=0/5 restarts_remaining=5 detail=monitor_tick=40 health_interval_s=5
2026-04-07 17:25:38,653 | watchdog             | INFO     | [WATCHDOG_STATUS] state=HEALTHY pid=27120 uptime_s=1075 crashes=0 restarts_used=0/5 restarts_remaining=5 detail=monitor_tick=215 health_interval_s=5
2026-04-07 17:25:43,523 | watchdog             | INFO     | [WATCHDOG_STATUS] state=HEALTHY pid=16952 uptime_s=205 crashes=0 restarts_used=0/5 restarts_remaining=5 detail=monitor_tick=41 health_interval_s=5
2026-04-07 17:25:43,654 | watchdog             | INFO     | [WATCHDOG_STATUS] state=HEALTHY pid=27120 uptime_s=1080 crashes=0 restarts_used=0/5 restarts_remaining=5 detail=monitor_tick=216 health_interval_s=5
2026-04-07 17:25:48,524 | watchdog             | INFO     | [WATCHDOG_STATUS] state=HEALTHY pid=16952 uptime_s=210 crashes=0 restarts_used=0/5 restarts_remaining=5 detail=monitor_tick=42 health_interval_s=5
2026-04-07 17:25:48,656 | watchdog             | INFO     | [WATCHDOG_STATUS] state=HEALTHY pid=27120 uptime_s=1085 crashes=0 restarts_used=0/5 restarts_remaining=5 detail=monitor_tick=217 health_interval_s=5
2026-04-07 17:25:53,525 | watchdog             | INFO     | [WATCHDOG_STATUS] state=HEALTHY pid=16952 uptime_s=215 crashes=0 restarts_used=0/5 restarts_remaining=5 detail=monitor_tick=43 health_interval_s=5
2026-04-07 17:25:53,657 | watchdog             | INFO     | [WATCHDOG_STATUS] state=HEALTHY pid=27120 uptime_s=1090 crashes=0 restarts_used=0/5 restarts_remaining=5 detail=monitor_tick=218 health_interval_s=5
2026-04-07 17:25:58,526 | watchdog             | INFO     | [WATCHDOG_STATUS] state=HEALTHY pid=16952 uptime_s=220 crashes=0 restarts_used=0/5 restarts_remaining=5 detail=monitor_tick=44 health_interval_s=5
2026-04-07 17:25:58,660 | watchdog             | INFO     | [WATCHDOG_STATUS] state=HEALTHY pid=27120 uptime_s=1095 crashes=0 restarts_used=0/5 restarts_remaining=5 detail=monitor_tick=219 health_interval_s=5
2026-04-07 17:26:03,527 | watchdog             | INFO     | [WATCHDOG_STATUS] state=HEALTHY pid=16952 uptime_s=225 crashes=0 restarts_used=0/5 restarts_remaining=5 detail=monitor_tick=45 health_interval_s=5
2026-04-07 17:26:03,660 | watchdog             | INFO     | [WATCHDOG_STATUS] state=HEALTHY pid=27120 uptime_s=1100 crashes=0 restarts_used=0/5 restarts_remaining=5 detail=monitor_tick=220 health_interval_s=5
2026-04-07 17:26:08,531 | watchdog             | INFO     | [WATCHDOG_STATUS] state=HEALTHY pid=16952 uptime_s=230 crashes=0 restarts_used=0/5 restarts_remaining=5 detail=monitor_tick=46 health_interval_s=5
2026-04-07 17:26:08,661 | watchdog             | INFO     | [WATCHDOG_STATUS] state=HEALTHY pid=27120 uptime_s=1105 crashes=0 restarts_used=0/5 restarts_remaining=5 detail=monitor_tick=221 health_interval_s=5
2026-04-07 17:26:13,533 | watchdog             | INFO     | [WATCHDOG_STATUS] state=HEALTHY pid=16952 uptime_s=235 crashes=0 restarts_used=0/5 restarts_remaining=5 detail=monitor_tick=47 health_interval_s=5
2026-04-07 17:26:13,663 | watchdog             | INFO     | [WATCHDOG_STATUS] state=HEALTHY pid=27120 uptime_s=1110 crashes=0 restarts_used=0/5 restarts_remaining=5 detail=monitor_tick=222 health_interval_s=5
2026-04-07 17:26:18,533 | watchdog             | INFO     | [WATCHDOG_STATUS] state=HEALTHY pid=16952 uptime_s=240 crashes=0 restarts_used=0/5 restarts_remaining=5 detail=monitor_tick=48 health_interval_s=5
2026-04-07 17:26:18,664 | watchdog             | INFO     | [WATCHDOG_STATUS] state=HEALTHY pid=27120 uptime_s=1115 crashes=0 restarts_used=0/5 restarts_remaining=5 detail=monitor_tick=223 health_interval_s=5
2026-04-07 17:26:23,534 | watchdog             | INFO     | [WATCHDOG_STATUS] state=HEALTHY pid=16952 uptime_s=245 crashes=0 restarts_used=0/5 restarts_remaining=5 detail=monitor_tick=49 health_interval_s=5
2026-04-07 17:26:23,665 | watchdog             | INFO     | [WATCHDOG_STATUS] state=HEALTHY pid=27120 uptime_s=1120 crashes=0 restarts_used=0/5 restarts_remaining=5 detail=monitor_tick=224 health_interval_s=5
2026-04-07 17:26:28,535 | watchdog             | INFO     | [WATCHDOG_STATUS] state=HEALTHY pid=16952 uptime_s=250 crashes=0 restarts_used=0/5 restarts_remaining=5 detail=monitor_tick=50 health_interval_s=5
2026-04-07 17:26:28,666 | watchdog             | INFO     | [WATCHDOG_STATUS] state=HEALTHY pid=27120 uptime_s=1125 crashes=0 restarts_used=0/5 restarts_remaining=5 detail=monitor_tick=225 health_interval_s=5
2026-04-07 17:26:33,535 | watchdog             | INFO     | [WATCHDOG_STATUS] state=HEALTHY pid=16952 uptime_s=255 crashes=0 restarts_used=0/5 restarts_remaining=5 detail=monitor_tick=51 health_interval_s=5
2026-04-07 17:26:33,666 | watchdog             | INFO     | [WATCHDOG_STATUS] state=HEALTHY pid=27120 uptime_s=1130 crashes=0 restarts_used=0/5 restarts_remaining=5 detail=monitor_tick=226 health_interval_s=5
2026-04-07 17:26:38,536 | watchdog             | INFO     | [WATCHDOG_STATUS] state=HEALTHY pid=16952 uptime_s=260 crashes=0 restarts_used=0/5 restarts_remaining=5 detail=monitor_tick=52 health_interval_s=5
2026-04-07 17:26:38,667 | watchdog             | INFO     | [WATCHDOG_STATUS] state=HEALTHY pid=27120 uptime_s=1135 crashes=0 restarts_used=0/5 restarts_remaining=5 detail=monitor_tick=227 health_interval_s=5
2026-04-07 17:26:43,536 | watchdog             | INFO     | [WATCHDOG_STATUS] state=HEALTHY pid=16952 uptime_s=265 crashes=0 restarts_used=0/5 restarts_remaining=5 detail=monitor_tick=53 health_interval_s=5
2026-04-07 17:26:43,668 | watchdog             | INFO     | [WATCHDOG_STATUS] state=HEALTHY pid=27120 uptime_s=1140 crashes=0 restarts_used=0/5 restarts_remaining=5 detail=monitor_tick=228 health_interval_s=5
2026-04-07 17:26:48,537 | watchdog             | INFO     | [WATCHDOG_STATUS] state=HEALTHY pid=16952 uptime_s=270 crashes=0 restarts_used=0/5 restarts_remaining=5 detail=monitor_tick=54 health_interval_s=5
2026-04-07 17:26:48,669 | watchdog             | INFO     | [WATCHDOG_STATUS] state=HEALTHY pid=27120 uptime_s=1145 crashes=0 restarts_used=0/5 restarts_remaining=5 detail=monitor_tick=229 health_interval_s=5
2026-04-07 17:26:53,538 | watchdog             | INFO     | [WATCHDOG_STATUS] state=HEALTHY pid=16952 uptime_s=275 crashes=0 restarts_used=0/5 restarts_remaining=5 detail=monitor_tick=55 health_interval_s=5
2026-04-07 17:26:53,669 | watchdog             | INFO     | [WATCHDOG_STATUS] state=HEALTHY pid=27120 uptime_s=1150 crashes=0 restarts_used=0/5 restarts_remaining=5 detail=monitor_tick=230 health_interval_s=5
2026-04-07 17:26:58,538 | watchdog             | INFO     | [WATCHDOG_STATUS] state=HEALTHY pid=16952 uptime_s=280 crashes=0 restarts_used=0/5 restarts_remaining=5 detail=monitor_tick=56 health_interval_s=5
2026-04-07 17:26:58,670 | watchdog             | INFO     | [WATCHDOG_STATUS] state=HEALTHY pid=27120 uptime_s=1155 crashes=0 restarts_used=0/5 restarts_remaining=5 detail=monitor_tick=231 health_interval_s=5
2026-04-07 17:27:03,539 | watchdog             | INFO     | [WATCHDOG_STATUS] state=HEALTHY pid=16952 uptime_s=285 crashes=0 restarts_used=0/5 restarts_remaining=5 detail=monitor_tick=57 health_interval_s=5
2026-04-07 17:27:03,671 | watchdog             | INFO     | [WATCHDOG_STATUS] state=HEALTHY pid=27120 uptime_s=1160 crashes=0 restarts_used=0/5 restarts_remaining=5 detail=monitor_tick=232 health_interval_s=5
2026-04-07 17:27:08,540 | watchdog             | INFO     | [WATCHDOG_STATUS] state=HEALTHY pid=16952 uptime_s=290 crashes=0 restarts_used=0/5 restarts_remaining=5 detail=monitor_tick=58 health_interval_s=5
2026-04-07 17:27:08,671 | watchdog             | INFO     | [WATCHDOG_STATUS] state=HEALTHY pid=27120 uptime_s=1165 crashes=0 restarts_used=0/5 restarts_remaining=5 detail=monitor_tick=233 health_interval_s=5
2026-04-07 17:27:13,540 | watchdog             | INFO     | [WATCHDOG_STATUS] state=HEALTHY pid=16952 uptime_s=295 crashes=0 restarts_used=0/5 restarts_remaining=5 detail=monitor_tick=59 health_interval_s=5
2026-04-07 17:27:13,672 | watchdog             | INFO     | [WATCHDOG_STATUS] state=HEALTHY pid=27120 uptime_s=1170 crashes=0 restarts_used=0/5 restarts_remaining=5 detail=monitor_tick=234 health_interval_s=5
2026-04-07 17:27:18,541 | watchdog             | INFO     | [WATCHDOG_STATUS] state=HEALTHY pid=16952 uptime_s=300 crashes=0 restarts_used=0/5 restarts_remaining=5 detail=monitor_tick=60 health_interval_s=5
2026-04-07 17:27:18,673 | watchdog             | INFO     | [WATCHDOG_STATUS] state=HEALTHY pid=27120 uptime_s=1175 crashes=0 restarts_used=0/5 restarts_remaining=5 detail=monitor_tick=235 health_interval_s=5
2026-04-07 17:27:23,541 | watchdog             | INFO     | [WATCHDOG_STATUS] state=HEALTHY pid=16952 uptime_s=305 crashes=0 restarts_used=0/5 restarts_remaining=5 detail=monitor_tick=61 health_interval_s=5
2026-04-07 17:27:23,674 | watchdog             | INFO     | [WATCHDOG_STATUS] state=HEALTHY pid=27120 uptime_s=1180 crashes=0 restarts_used=0/5 restarts_remaining=5 detail=monitor_tick=236 health_interval_s=5
2026-04-07 17:27:28,542 | watchdog             | INFO     | [WATCHDOG_STATUS] state=HEALTHY pid=16952 uptime_s=310 crashes=0 restarts_used=0/5 restarts_remaining=5 detail=monitor_tick=62 health_interval_s=5
2026-04-07 17:27:28,675 | watchdog             | INFO     | [WATCHDOG_STATUS] state=HEALTHY pid=27120 uptime_s=1185 crashes=0 restarts_used=0/5 restarts_remaining=5 detail=monitor_tick=237 health_interval_s=5
2026-04-07 17:27:33,543 | watchdog             | INFO     | [WATCHDOG_STATUS] state=HEALTHY pid=16952 uptime_s=315 crashes=0 restarts_used=0/5 restarts_remaining=5 detail=monitor_tick=63 health_interval_s=5
2026-04-07 17:27:33,675 | watchdog             | INFO     | [WATCHDOG_STATUS] state=HEALTHY pid=27120 uptime_s=1190 crashes=0 restarts_used=0/5 restarts_remaining=5 detail=monitor_tick=238 health_interval_s=5
2026-04-07 17:27:38,544 | watchdog             | INFO     | [WATCHDOG_STATUS] state=HEALTHY pid=16952 uptime_s=320 crashes=0 restarts_used=0/5 restarts_remaining=5 detail=monitor_tick=64 health_interval_s=5
2026-04-07 17:27:38,676 | watchdog             | INFO     | [WATCHDOG_STATUS] state=HEALTHY pid=27120 uptime_s=1195 crashes=0 restarts_used=0/5 restarts_remaining=5 detail=monitor_tick=239 health_interval_s=5
2026-04-07 17:27:43,544 | watchdog             | INFO     | [WATCHDOG_STATUS] state=HEALTHY pid=16952 uptime_s=325 crashes=0 restarts_used=0/5 restarts_remaining=5 detail=monitor_tick=65 health_interval_s=5
2026-04-07 17:27:43,679 | watchdog             | INFO     | [WATCHDOG_STATUS] state=HEALTHY pid=27120 uptime_s=1200 crashes=0 restarts_used=0/5 restarts_remaining=5 detail=monitor_tick=240 health_interval_s=5
2026-04-07 17:27:44,344 | watchdog             | INFO     | Windows sleep prevention active.
2026-04-07 17:27:44,345 | watchdog             | INFO     | Starting Watchdog supervisor...
2026-04-07 17:27:44,345 | watchdog             | INFO     | =================================================================
2026-04-07 17:27:44,345 | watchdog             | INFO     | WATCHDOG STARTED
2026-04-07 17:27:44,345 | watchdog             | INFO     |   Config path:        C:\Users\mohan\OneDrive\Desktop\E-Commerce Market Dynamics & XAI Forecasting Engine\Web Scrapper\config\config.json
2026-04-07 17:27:44,345 | watchdog             | INFO     |   Developer:          mohannad_zahra
2026-04-07 17:27:44,345 | watchdog             | INFO     |   Scraper:            C:\Users\mohan\AppData\Local\Programs\Python\Python313\python.exe C:\Users\mohan\OneDrive\Desktop\E-Commerce Market Dynamics & XAI Forecasting Engine\Web Scrapper\scraper.py
2026-04-07 17:27:44,345 | watchdog             | INFO     |   Health check:       every 30s
2026-04-07 17:27:44,345 | watchdog             | INFO     |   Max restarts:       5
2026-04-07 17:27:44,345 | watchdog             | INFO     |   Heartbeat cadence:  every 1 health checks
2026-04-07 17:27:44,346 | watchdog             | INFO     | =================================================================
2026-04-07 17:27:44,346 | watchdog             | INFO     | [WATCHDOG_STATUS] state=STARTUP pid=n/a uptime_s=0 crashes=0 restarts_used=0/5 restarts_remaining=5 detail=watchdog loop initialized
2026-04-07 17:27:44,346 | watchdog             | INFO     | Launching scraper: C:\Users\mohan\AppData\Local\Programs\Python\Python313\python.exe C:\Users\mohan\OneDrive\Desktop\E-Commerce Market Dynamics & XAI Forecasting Engine\Web Scrapper\scraper.py
2026-04-07 17:27:44,352 | watchdog             | INFO     | Scraper launched successfully (PID=22584)
2026-04-07 17:27:44,353 | watchdog             | INFO     | [WATCHDOG_STATUS] state=LAUNCHED pid=22584 uptime_s=0 crashes=0 restarts_used=0/5 restarts_remaining=5 detail=child process started
2026-04-07 17:27:48,545 | watchdog             | INFO     | [WATCHDOG_STATUS] state=HEALTHY pid=16952 uptime_s=330 crashes=0 restarts_used=0/5 restarts_remaining=5 detail=monitor_tick=66 health_interval_s=5
2026-04-07 17:27:48,681 | watchdog             | INFO     | [WATCHDOG_STATUS] state=HEALTHY pid=27120 uptime_s=1205 crashes=0 restarts_used=0/5 restarts_remaining=5 detail=monitor_tick=241 health_interval_s=5
2026-04-07 17:27:53,547 | watchdog             | INFO     | [WATCHDOG_STATUS] state=HEALTHY pid=16952 uptime_s=335 crashes=0 restarts_used=0/5 restarts_remaining=5 detail=monitor_tick=67 health_interval_s=5
2026-04-07 17:27:53,682 | watchdog             | INFO     | [WATCHDOG_STATUS] state=HEALTHY pid=27120 uptime_s=1210 crashes=0 restarts_used=0/5 restarts_remaining=5 detail=monitor_tick=242 health_interval_s=5
2026-04-07 17:27:58,548 | watchdog             | INFO     | [WATCHDOG_STATUS] state=HEALTHY pid=16952 uptime_s=340 crashes=0 restarts_used=0/5 restarts_remaining=5 detail=monitor_tick=68 health_interval_s=5
2026-04-07 17:27:58,682 | watchdog             | INFO     | [WATCHDOG_STATUS] state=HEALTHY pid=27120 uptime_s=1215 crashes=0 restarts_used=0/5 restarts_remaining=5 detail=monitor_tick=243 health_interval_s=5
2026-04-07 17:28:03,548 | watchdog             | INFO     | [WATCHDOG_STATUS] state=HEALTHY pid=16952 uptime_s=345 crashes=0 restarts_used=0/5 restarts_remaining=5 detail=monitor_tick=69 health_interval_s=5
2026-04-07 17:28:03,684 | watchdog             | INFO     | [WATCHDOG_STATUS] state=HEALTHY pid=27120 uptime_s=1220 crashes=0 restarts_used=0/5 restarts_remaining=5 detail=monitor_tick=244 health_interval_s=5
2026-04-07 17:28:08,549 | watchdog             | INFO     | [WATCHDOG_STATUS] state=HEALTHY pid=16952 uptime_s=350 crashes=0 restarts_used=0/5 restarts_remaining=5 detail=monitor_tick=70 health_interval_s=5
2026-04-07 17:28:08,686 | watchdog             | INFO     | [WATCHDOG_STATUS] state=HEALTHY pid=27120 uptime_s=1225 crashes=0 restarts_used=0/5 restarts_remaining=5 detail=monitor_tick=245 health_interval_s=5
2026-04-07 17:28:13,550 | watchdog             | INFO     | [WATCHDOG_STATUS] state=HEALTHY pid=16952 uptime_s=355 crashes=0 restarts_used=0/5 restarts_remaining=5 detail=monitor_tick=71 health_interval_s=5
2026-04-07 17:28:13,687 | watchdog             | INFO     | [WATCHDOG_STATUS] state=HEALTHY pid=27120 uptime_s=1230 crashes=0 restarts_used=0/5 restarts_remaining=5 detail=monitor_tick=246 health_interval_s=5
2026-04-07 17:28:14,354 | watchdog             | INFO     | [WATCHDOG_STATUS] state=HEALTHY pid=22584 uptime_s=30 crashes=0 restarts_used=0/5 restarts_remaining=5 detail=monitor_tick=1 health_interval_s=30
2026-04-07 17:28:18,550 | watchdog             | INFO     | [WATCHDOG_STATUS] state=HEALTHY pid=16952 uptime_s=360 crashes=0 restarts_used=0/5 restarts_remaining=5 detail=monitor_tick=72 health_interval_s=5
2026-04-07 17:28:18,688 | watchdog             | INFO     | [WATCHDOG_STATUS] state=HEALTHY pid=27120 uptime_s=1235 crashes=0 restarts_used=0/5 restarts_remaining=5 detail=monitor_tick=247 health_interval_s=5
2026-04-07 17:28:23,551 | watchdog             | INFO     | [WATCHDOG_STATUS] state=HEALTHY pid=16952 uptime_s=365 crashes=0 restarts_used=0/5 restarts_remaining=5 detail=monitor_tick=73 health_interval_s=5
2026-04-07 17:28:23,689 | watchdog             | INFO     | [WATCHDOG_STATUS] state=HEALTHY pid=27120 uptime_s=1240 crashes=0 restarts_used=0/5 restarts_remaining=5 detail=monitor_tick=248 health_interval_s=5
2026-04-07 17:28:28,552 | watchdog             | INFO     | [WATCHDOG_STATUS] state=HEALTHY pid=16952 uptime_s=370 crashes=0 restarts_used=0/5 restarts_remaining=5 detail=monitor_tick=74 health_interval_s=5
2026-04-07 17:28:28,690 | watchdog             | INFO     | [WATCHDOG_STATUS] state=HEALTHY pid=27120 uptime_s=1245 crashes=0 restarts_used=0/5 restarts_remaining=5 detail=monitor_tick=249 health_interval_s=5
2026-04-07 17:28:33,553 | watchdog             | INFO     | [WATCHDOG_STATUS] state=HEALTHY pid=16952 uptime_s=375 crashes=0 restarts_used=0/5 restarts_remaining=5 detail=monitor_tick=75 health_interval_s=5
2026-04-07 17:28:33,692 | watchdog             | INFO     | [WATCHDOG_STATUS] state=HEALTHY pid=27120 uptime_s=1250 crashes=0 restarts_used=0/5 restarts_remaining=5 detail=monitor_tick=250 health_interval_s=5
2026-04-07 17:28:38,554 | watchdog             | INFO     | [WATCHDOG_STATUS] state=HEALTHY pid=16952 uptime_s=380 crashes=0 restarts_used=0/5 restarts_remaining=5 detail=monitor_tick=76 health_interval_s=5
2026-04-07 17:28:38,693 | watchdog             | INFO     | [WATCHDOG_STATUS] state=HEALTHY pid=27120 uptime_s=1255 crashes=0 restarts_used=0/5 restarts_remaining=5 detail=monitor_tick=251 health_interval_s=5
2026-04-07 17:28:43,555 | watchdog             | INFO     | [WATCHDOG_STATUS] state=HEALTHY pid=16952 uptime_s=385 crashes=0 restarts_used=0/5 restarts_remaining=5 detail=monitor_tick=77 health_interval_s=5
2026-04-07 17:28:43,693 | watchdog             | INFO     | [WATCHDOG_STATUS] state=HEALTHY pid=27120 uptime_s=1260 crashes=0 restarts_used=0/5 restarts_remaining=5 detail=monitor_tick=252 health_interval_s=5
2026-04-07 17:28:44,355 | watchdog             | INFO     | [WATCHDOG_STATUS] state=HEALTHY pid=22584 uptime_s=60 crashes=0 restarts_used=0/5 restarts_remaining=5 detail=monitor_tick=2 health_interval_s=30
2026-04-07 17:28:48,555 | watchdog             | INFO     | [WATCHDOG_STATUS] state=HEALTHY pid=16952 uptime_s=390 crashes=0 restarts_used=0/5 restarts_remaining=5 detail=monitor_tick=78 health_interval_s=5
2026-04-07 17:28:48,694 | watchdog             | INFO     | [WATCHDOG_STATUS] state=HEALTHY pid=27120 uptime_s=1265 crashes=0 restarts_used=0/5 restarts_remaining=5 detail=monitor_tick=253 health_interval_s=5
2026-04-07 17:28:53,556 | watchdog             | INFO     | [WATCHDOG_STATUS] state=HEALTHY pid=16952 uptime_s=395 crashes=0 restarts_used=0/5 restarts_remaining=5 detail=monitor_tick=79 health_interval_s=5
2026-04-07 17:28:53,695 | watchdog             | INFO     | [WATCHDOG_STATUS] state=HEALTHY pid=27120 uptime_s=1270 crashes=0 restarts_used=0/5 restarts_remaining=5 detail=monitor_tick=254 health_interval_s=5
2026-04-07 17:28:58,565 | watchdog             | INFO     | [WATCHDOG_STATUS] state=HEALTHY pid=16952 uptime_s=400 crashes=0 restarts_used=0/5 restarts_remaining=5 detail=monitor_tick=80 health_interval_s=5
2026-04-07 17:28:58,696 | watchdog             | INFO     | [WATCHDOG_STATUS] state=HEALTHY pid=27120 uptime_s=1275 crashes=0 restarts_used=0/5 restarts_remaining=5 detail=monitor_tick=255 health_interval_s=5
2026-04-07 17:29:03,568 | watchdog             | INFO     | [WATCHDOG_STATUS] state=HEALTHY pid=16952 uptime_s=405 crashes=0 restarts_used=0/5 restarts_remaining=5 detail=monitor_tick=81 health_interval_s=5
2026-04-07 17:29:03,696 | watchdog             | INFO     | [WATCHDOG_STATUS] state=HEALTHY pid=27120 uptime_s=1280 crashes=0 restarts_used=0/5 restarts_remaining=5 detail=monitor_tick=256 health_interval_s=5
2026-04-07 17:29:08,569 | watchdog             | INFO     | [WATCHDOG_STATUS] state=HEALTHY pid=16952 uptime_s=410 crashes=0 restarts_used=0/5 restarts_remaining=5 detail=monitor_tick=82 health_interval_s=5
2026-04-07 17:29:08,697 | watchdog             | INFO     | [WATCHDOG_STATUS] state=HEALTHY pid=27120 uptime_s=1285 crashes=0 restarts_used=0/5 restarts_remaining=5 detail=monitor_tick=257 health_interval_s=5
2026-04-07 17:29:13,570 | watchdog             | INFO     | [WATCHDOG_STATUS] state=HEALTHY pid=16952 uptime_s=415 crashes=0 restarts_used=0/5 restarts_remaining=5 detail=monitor_tick=83 health_interval_s=5
2026-04-07 17:29:13,698 | watchdog             | INFO     | [WATCHDOG_STATUS] state=HEALTHY pid=27120 uptime_s=1290 crashes=0 restarts_used=0/5 restarts_remaining=5 detail=monitor_tick=258 health_interval_s=5
2026-04-07 17:29:14,356 | watchdog             | INFO     | [WATCHDOG_STATUS] state=HEALTHY pid=22584 uptime_s=90 crashes=0 restarts_used=0/5 restarts_remaining=5 detail=monitor_tick=3 health_interval_s=30
2026-04-07 17:29:18,570 | watchdog             | INFO     | [WATCHDOG_STATUS] state=HEALTHY pid=16952 uptime_s=420 crashes=0 restarts_used=0/5 restarts_remaining=5 detail=monitor_tick=84 health_interval_s=5
2026-04-07 17:29:18,699 | watchdog             | INFO     | [WATCHDOG_STATUS] state=HEALTHY pid=27120 uptime_s=1295 crashes=0 restarts_used=0/5 restarts_remaining=5 detail=monitor_tick=259 health_interval_s=5
2026-04-07 17:29:23,571 | watchdog             | INFO     | [WATCHDOG_STATUS] state=HEALTHY pid=16952 uptime_s=425 crashes=0 restarts_used=0/5 restarts_remaining=5 detail=monitor_tick=85 health_interval_s=5
2026-04-07 17:29:23,700 | watchdog             | INFO     | [WATCHDOG_STATUS] state=HEALTHY pid=27120 uptime_s=1300 crashes=0 restarts_used=0/5 restarts_remaining=5 detail=monitor_tick=260 health_interval_s=5
2026-04-07 17:29:28,571 | watchdog             | INFO     | [WATCHDOG_STATUS] state=HEALTHY pid=16952 uptime_s=430 crashes=0 restarts_used=0/5 restarts_remaining=5 detail=monitor_tick=86 health_interval_s=5
2026-04-07 17:29:28,701 | watchdog             | INFO     | [WATCHDOG_STATUS] state=HEALTHY pid=27120 uptime_s=1305 crashes=0 restarts_used=0/5 restarts_remaining=5 detail=monitor_tick=261 health_interval_s=5
2026-04-07 17:29:33,572 | watchdog             | INFO     | [WATCHDOG_STATUS] state=HEALTHY pid=16952 uptime_s=435 crashes=0 restarts_used=0/5 restarts_remaining=5 detail=monitor_tick=87 health_interval_s=5
2026-04-07 17:29:33,702 | watchdog             | INFO     | [WATCHDOG_STATUS] state=HEALTHY pid=27120 uptime_s=1310 crashes=0 restarts_used=0/5 restarts_remaining=5 detail=monitor_tick=262 health_interval_s=5
2026-04-07 17:29:38,573 | watchdog             | INFO     | [WATCHDOG_STATUS] state=HEALTHY pid=16952 uptime_s=440 crashes=0 restarts_used=0/5 restarts_remaining=5 detail=monitor_tick=88 health_interval_s=5
2026-04-07 17:29:38,703 | watchdog             | INFO     | [WATCHDOG_STATUS] state=HEALTHY pid=27120 uptime_s=1315 crashes=0 restarts_used=0/5 restarts_remaining=5 detail=monitor_tick=263 health_interval_s=5
2026-04-07 17:29:43,574 | watchdog             | INFO     | [WATCHDOG_STATUS] state=HEALTHY pid=16952 uptime_s=445 crashes=0 restarts_used=0/5 restarts_remaining=5 detail=monitor_tick=89 health_interval_s=5
2026-04-07 17:29:43,703 | watchdog             | INFO     | [WATCHDOG_STATUS] state=HEALTHY pid=27120 uptime_s=1320 crashes=0 restarts_used=0/5 restarts_remaining=5 detail=monitor_tick=264 health_interval_s=5
2026-04-07 17:29:44,357 | watchdog             | INFO     | [WATCHDOG_STATUS] state=HEALTHY pid=22584 uptime_s=120 crashes=0 restarts_used=0/5 restarts_remaining=5 detail=monitor_tick=4 health_interval_s=30
2026-04-07 17:29:48,574 | watchdog             | INFO     | [WATCHDOG_STATUS] state=HEALTHY pid=16952 uptime_s=450 crashes=0 restarts_used=0/5 restarts_remaining=5 detail=monitor_tick=90 health_interval_s=5
2026-04-07 17:29:48,703 | watchdog             | INFO     | [WATCHDOG_STATUS] state=HEALTHY pid=27120 uptime_s=1325 crashes=0 restarts_used=0/5 restarts_remaining=5 detail=monitor_tick=265 health_interval_s=5
2026-04-07 17:29:53,575 | watchdog             | INFO     | [WATCHDOG_STATUS] state=HEALTHY pid=16952 uptime_s=455 crashes=0 restarts_used=0/5 restarts_remaining=5 detail=monitor_tick=91 health_interval_s=5
2026-04-07 17:29:53,704 | watchdog             | INFO     | [WATCHDOG_STATUS] state=HEALTHY pid=27120 uptime_s=1330 crashes=0 restarts_used=0/5 restarts_remaining=5 detail=monitor_tick=266 health_interval_s=5
2026-04-07 17:29:58,576 | watchdog             | INFO     | [WATCHDOG_STATUS] state=HEALTHY pid=16952 uptime_s=460 crashes=0 restarts_used=0/5 restarts_remaining=5 detail=monitor_tick=92 health_interval_s=5
2026-04-07 17:29:58,704 | watchdog             | INFO     | [WATCHDOG_STATUS] state=HEALTHY pid=27120 uptime_s=1335 crashes=0 restarts_used=0/5 restarts_remaining=5 detail=monitor_tick=267 health_interval_s=5
2026-04-07 17:30:03,577 | watchdog             | INFO     | [WATCHDOG_STATUS] state=HEALTHY pid=16952 uptime_s=465 crashes=0 restarts_used=0/5 restarts_remaining=5 detail=monitor_tick=93 health_interval_s=5
2026-04-07 17:30:03,705 | watchdog             | INFO     | [WATCHDOG_STATUS] state=HEALTHY pid=27120 uptime_s=1340 crashes=0 restarts_used=0/5 restarts_remaining=5 detail=monitor_tick=268 health_interval_s=5
2026-04-07 17:30:08,612 | watchdog             | INFO     | [WATCHDOG_STATUS] state=HEALTHY pid=16952 uptime_s=470 crashes=0 restarts_used=0/5 restarts_remaining=5 detail=monitor_tick=94 health_interval_s=5
2026-04-07 17:30:08,706 | watchdog             | INFO     | [WATCHDOG_STATUS] state=HEALTHY pid=27120 uptime_s=1345 crashes=0 restarts_used=0/5 restarts_remaining=5 detail=monitor_tick=269 health_interval_s=5
2026-04-07 17:30:13,613 | watchdog             | INFO     | [WATCHDOG_STATUS] state=HEALTHY pid=16952 uptime_s=475 crashes=0 restarts_used=0/5 restarts_remaining=5 detail=monitor_tick=95 health_interval_s=5
2026-04-07 17:30:13,707 | watchdog             | INFO     | [WATCHDOG_STATUS] state=HEALTHY pid=27120 uptime_s=1350 crashes=0 restarts_used=0/5 restarts_remaining=5 detail=monitor_tick=270 health_interval_s=5
2026-04-07 17:30:14,358 | watchdog             | INFO     | [WATCHDOG_STATUS] state=HEALTHY pid=22584 uptime_s=150 crashes=0 restarts_used=0/5 restarts_remaining=5 detail=monitor_tick=5 health_interval_s=30
2026-04-07 17:30:18,613 | watchdog             | INFO     | [WATCHDOG_STATUS] state=HEALTHY pid=16952 uptime_s=480 crashes=0 restarts_used=0/5 restarts_remaining=5 detail=monitor_tick=96 health_interval_s=5
2026-04-07 17:30:18,708 | watchdog             | INFO     | [WATCHDOG_STATUS] state=HEALTHY pid=27120 uptime_s=1355 crashes=0 restarts_used=0/5 restarts_remaining=5 detail=monitor_tick=271 health_interval_s=5
2026-04-07 17:30:23,614 | watchdog             | INFO     | [WATCHDOG_STATUS] state=HEALTHY pid=16952 uptime_s=485 crashes=0 restarts_used=0/5 restarts_remaining=5 detail=monitor_tick=97 health_interval_s=5
2026-04-07 17:30:23,709 | watchdog             | INFO     | [WATCHDOG_STATUS] state=HEALTHY pid=27120 uptime_s=1360 crashes=0 restarts_used=0/5 restarts_remaining=5 detail=monitor_tick=272 health_interval_s=5
2026-04-07 17:30:28,615 | watchdog             | INFO     | [WATCHDOG_STATUS] state=HEALTHY pid=16952 uptime_s=490 crashes=0 restarts_used=0/5 restarts_remaining=5 detail=monitor_tick=98 health_interval_s=5
2026-04-07 17:30:28,709 | watchdog             | INFO     | [WATCHDOG_STATUS] state=HEALTHY pid=27120 uptime_s=1365 crashes=0 restarts_used=0/5 restarts_remaining=5 detail=monitor_tick=273 health_interval_s=5
2026-04-07 17:30:33,615 | watchdog             | INFO     | [WATCHDOG_STATUS] state=HEALTHY pid=16952 uptime_s=495 crashes=0 restarts_used=0/5 restarts_remaining=5 detail=monitor_tick=99 health_interval_s=5
2026-04-07 17:30:33,710 | watchdog             | INFO     | [WATCHDOG_STATUS] state=HEALTHY pid=27120 uptime_s=1370 crashes=0 restarts_used=0/5 restarts_remaining=5 detail=monitor_tick=274 health_interval_s=5
2026-04-07 17:30:38,619 | watchdog             | INFO     | [WATCHDOG_STATUS] state=HEALTHY pid=16952 uptime_s=500 crashes=0 restarts_used=0/5 restarts_remaining=5 detail=monitor_tick=100 health_interval_s=5
2026-04-07 17:30:38,710 | watchdog             | INFO     | [WATCHDOG_STATUS] state=HEALTHY pid=27120 uptime_s=1375 crashes=0 restarts_used=0/5 restarts_remaining=5 detail=monitor_tick=275 health_interval_s=5
2026-04-07 17:30:43,620 | watchdog             | INFO     | [WATCHDOG_STATUS] state=HEALTHY pid=16952 uptime_s=505 crashes=0 restarts_used=0/5 restarts_remaining=5 detail=monitor_tick=101 health_interval_s=5
2026-04-07 17:30:43,711 | watchdog             | INFO     | [WATCHDOG_STATUS] state=HEALTHY pid=27120 uptime_s=1380 crashes=0 restarts_used=0/5 restarts_remaining=5 detail=monitor_tick=276 health_interval_s=5
2026-04-07 17:30:44,358 | watchdog             | INFO     | [WATCHDOG_STATUS] state=HEALTHY pid=22584 uptime_s=180 crashes=0 restarts_used=0/5 restarts_remaining=5 detail=monitor_tick=6 health_interval_s=30
2026-04-07 17:30:48,621 | watchdog             | INFO     | [WATCHDOG_STATUS] state=HEALTHY pid=16952 uptime_s=510 crashes=0 restarts_used=0/5 restarts_remaining=5 detail=monitor_tick=102 health_interval_s=5
2026-04-07 17:30:48,712 | watchdog             | INFO     | [WATCHDOG_STATUS] state=HEALTHY pid=27120 uptime_s=1385 crashes=0 restarts_used=0/5 restarts_remaining=5 detail=monitor_tick=277 health_interval_s=5
2026-04-07 17:30:53,621 | watchdog             | INFO     | [WATCHDOG_STATUS] state=HEALTHY pid=16952 uptime_s=515 crashes=0 restarts_used=0/5 restarts_remaining=5 detail=monitor_tick=103 health_interval_s=5
2026-04-07 17:30:53,713 | watchdog             | INFO     | [WATCHDOG_STATUS] state=HEALTHY pid=27120 uptime_s=1390 crashes=0 restarts_used=0/5 restarts_remaining=5 detail=monitor_tick=278 health_interval_s=5
2026-04-07 17:30:58,622 | watchdog             | INFO     | [WATCHDOG_STATUS] state=HEALTHY pid=16952 uptime_s=520 crashes=0 restarts_used=0/5 restarts_remaining=5 detail=monitor_tick=104 health_interval_s=5
2026-04-07 17:30:58,713 | watchdog             | INFO     | [WATCHDOG_STATUS] state=HEALTHY pid=27120 uptime_s=1395 crashes=0 restarts_used=0/5 restarts_remaining=5 detail=monitor_tick=279 health_interval_s=5
2026-04-07 17:31:03,622 | watchdog             | INFO     | [WATCHDOG_STATUS] state=HEALTHY pid=16952 uptime_s=525 crashes=0 restarts_used=0/5 restarts_remaining=5 detail=monitor_tick=105 health_interval_s=5
2026-04-07 17:31:03,714 | watchdog             | INFO     | [WATCHDOG_STATUS] state=HEALTHY pid=27120 uptime_s=1400 crashes=0 restarts_used=0/5 restarts_remaining=5 detail=monitor_tick=280 health_interval_s=5
2026-04-07 17:31:08,623 | watchdog             | INFO     | [WATCHDOG_STATUS] state=HEALTHY pid=16952 uptime_s=530 crashes=0 restarts_used=0/5 restarts_remaining=5 detail=monitor_tick=106 health_interval_s=5
2026-04-07 17:31:08,716 | watchdog             | INFO     | [WATCHDOG_STATUS] state=HEALTHY pid=27120 uptime_s=1405 crashes=0 restarts_used=0/5 restarts_remaining=5 detail=monitor_tick=281 health_interval_s=5
2026-04-07 17:31:13,623 | watchdog             | INFO     | [WATCHDOG_STATUS] state=HEALTHY pid=16952 uptime_s=535 crashes=0 restarts_used=0/5 restarts_remaining=5 detail=monitor_tick=107 health_interval_s=5
2026-04-07 17:31:13,717 | watchdog             | INFO     | [WATCHDOG_STATUS] state=HEALTHY pid=27120 uptime_s=1410 crashes=0 restarts_used=0/5 restarts_remaining=5 detail=monitor_tick=282 health_interval_s=5
2026-04-07 17:31:14,359 | watchdog             | INFO     | [WATCHDOG_STATUS] state=HEALTHY pid=22584 uptime_s=210 crashes=0 restarts_used=0/5 restarts_remaining=5 detail=monitor_tick=7 health_interval_s=30
2026-04-07 17:31:18,624 | watchdog             | INFO     | [WATCHDOG_STATUS] state=HEALTHY pid=16952 uptime_s=540 crashes=0 restarts_used=0/5 restarts_remaining=5 detail=monitor_tick=108 health_interval_s=5
2026-04-07 17:31:18,717 | watchdog             | INFO     | [WATCHDOG_STATUS] state=HEALTHY pid=27120 uptime_s=1415 crashes=0 restarts_used=0/5 restarts_remaining=5 detail=monitor_tick=283 health_interval_s=5
2026-04-07 17:31:23,625 | watchdog             | INFO     | [WATCHDOG_STATUS] state=HEALTHY pid=16952 uptime_s=545 crashes=0 restarts_used=0/5 restarts_remaining=5 detail=monitor_tick=109 health_interval_s=5
2026-04-07 17:31:23,718 | watchdog             | INFO     | [WATCHDOG_STATUS] state=HEALTHY pid=27120 uptime_s=1420 crashes=0 restarts_used=0/5 restarts_remaining=5 detail=monitor_tick=284 health_interval_s=5
2026-04-07 17:31:28,626 | watchdog             | INFO     | [WATCHDOG_STATUS] state=HEALTHY pid=16952 uptime_s=550 crashes=0 restarts_used=0/5 restarts_remaining=5 detail=monitor_tick=110 health_interval_s=5
2026-04-07 17:31:28,719 | watchdog             | INFO     | [WATCHDOG_STATUS] state=HEALTHY pid=27120 uptime_s=1425 crashes=0 restarts_used=0/5 restarts_remaining=5 detail=monitor_tick=285 health_interval_s=5
2026-04-07 17:31:33,626 | watchdog             | INFO     | [WATCHDOG_STATUS] state=HEALTHY pid=16952 uptime_s=555 crashes=0 restarts_used=0/5 restarts_remaining=5 detail=monitor_tick=111 health_interval_s=5
2026-04-07 17:31:33,720 | watchdog             | INFO     | [WATCHDOG_STATUS] state=HEALTHY pid=27120 uptime_s=1430 crashes=0 restarts_used=0/5 restarts_remaining=5 detail=monitor_tick=286 health_interval_s=5
2026-04-07 17:31:38,627 | watchdog             | INFO     | [WATCHDOG_STATUS] state=HEALTHY pid=16952 uptime_s=560 crashes=0 restarts_used=0/5 restarts_remaining=5 detail=monitor_tick=112 health_interval_s=5
2026-04-07 17:31:38,721 | watchdog             | INFO     | [WATCHDOG_STATUS] state=HEALTHY pid=27120 uptime_s=1435 crashes=0 restarts_used=0/5 restarts_remaining=5 detail=monitor_tick=287 health_interval_s=5
2026-04-07 17:31:43,628 | watchdog             | INFO     | [WATCHDOG_STATUS] state=HEALTHY pid=16952 uptime_s=565 crashes=0 restarts_used=0/5 restarts_remaining=5 detail=monitor_tick=113 health_interval_s=5
2026-04-07 17:31:43,721 | watchdog             | INFO     | [WATCHDOG_STATUS] state=HEALTHY pid=27120 uptime_s=1440 crashes=0 restarts_used=0/5 restarts_remaining=5 detail=monitor_tick=288 health_interval_s=5
2026-04-07 17:31:44,360 | watchdog             | INFO     | [WATCHDOG_STATUS] state=HEALTHY pid=22584 uptime_s=240 crashes=0 restarts_used=0/5 restarts_remaining=5 detail=monitor_tick=8 health_interval_s=30
2026-04-07 17:31:48,629 | watchdog             | INFO     | [WATCHDOG_STATUS] state=HEALTHY pid=16952 uptime_s=570 crashes=0 restarts_used=0/5 restarts_remaining=5 detail=monitor_tick=114 health_interval_s=5
2026-04-07 17:31:48,722 | watchdog             | INFO     | [WATCHDOG_STATUS] state=HEALTHY pid=27120 uptime_s=1445 crashes=0 restarts_used=0/5 restarts_remaining=5 detail=monitor_tick=289 health_interval_s=5
2026-04-07 17:31:53,629 | watchdog             | INFO     | [WATCHDOG_STATUS] state=HEALTHY pid=16952 uptime_s=575 crashes=0 restarts_used=0/5 restarts_remaining=5 detail=monitor_tick=115 health_interval_s=5
2026-04-07 17:31:53,722 | watchdog             | INFO     | [WATCHDOG_STATUS] state=HEALTHY pid=27120 uptime_s=1450 crashes=0 restarts_used=0/5 restarts_remaining=5 detail=monitor_tick=290 health_interval_s=5
2026-04-07 17:31:58,630 | watchdog             | INFO     | [WATCHDOG_STATUS] state=HEALTHY pid=16952 uptime_s=580 crashes=0 restarts_used=0/5 restarts_remaining=5 detail=monitor_tick=116 health_interval_s=5
2026-04-07 17:31:58,723 | watchdog             | INFO     | [WATCHDOG_STATUS] state=HEALTHY pid=27120 uptime_s=1455 crashes=0 restarts_used=0/5 restarts_remaining=5 detail=monitor_tick=291 health_interval_s=5
2026-04-07 17:32:03,631 | watchdog             | INFO     | [WATCHDOG_STATUS] state=HEALTHY pid=16952 uptime_s=585 crashes=0 restarts_used=0/5 restarts_remaining=5 detail=monitor_tick=117 health_interval_s=5
2026-04-07 17:32:03,724 | watchdog             | INFO     | [WATCHDOG_STATUS] state=HEALTHY pid=27120 uptime_s=1460 crashes=0 restarts_used=0/5 restarts_remaining=5 detail=monitor_tick=292 health_interval_s=5
2026-04-07 17:32:08,632 | watchdog             | INFO     | [WATCHDOG_STATUS] state=HEALTHY pid=16952 uptime_s=590 crashes=0 restarts_used=0/5 restarts_remaining=5 detail=monitor_tick=118 health_interval_s=5
2026-04-07 17:32:08,724 | watchdog             | INFO     | [WATCHDOG_STATUS] state=HEALTHY pid=27120 uptime_s=1465 crashes=0 restarts_used=0/5 restarts_remaining=5 detail=monitor_tick=293 health_interval_s=5
2026-04-07 17:32:13,633 | watchdog             | INFO     | [WATCHDOG_STATUS] state=HEALTHY pid=16952 uptime_s=595 crashes=0 restarts_used=0/5 restarts_remaining=5 detail=monitor_tick=119 health_interval_s=5
2026-04-07 17:32:13,725 | watchdog             | INFO     | [WATCHDOG_STATUS] state=HEALTHY pid=27120 uptime_s=1470 crashes=0 restarts_used=0/5 restarts_remaining=5 detail=monitor_tick=294 health_interval_s=5
2026-04-07 17:32:14,361 | watchdog             | INFO     | [WATCHDOG_STATUS] state=HEALTHY pid=22584 uptime_s=270 crashes=0 restarts_used=0/5 restarts_remaining=5 detail=monitor_tick=9 health_interval_s=30
2026-04-07 17:32:18,634 | watchdog             | INFO     | [WATCHDOG_STATUS] state=HEALTHY pid=16952 uptime_s=600 crashes=0 restarts_used=0/5 restarts_remaining=5 detail=monitor_tick=120 health_interval_s=5
2026-04-07 17:32:18,726 | watchdog             | INFO     | [WATCHDOG_STATUS] state=HEALTHY pid=27120 uptime_s=1475 crashes=0 restarts_used=0/5 restarts_remaining=5 detail=monitor_tick=295 health_interval_s=5
2026-04-07 17:32:23,634 | watchdog             | INFO     | [WATCHDOG_STATUS] state=HEALTHY pid=16952 uptime_s=605 crashes=0 restarts_used=0/5 restarts_remaining=5 detail=monitor_tick=121 health_interval_s=5
2026-04-07 17:32:23,726 | watchdog             | INFO     | [WATCHDOG_STATUS] state=HEALTHY pid=27120 uptime_s=1480 crashes=0 restarts_used=0/5 restarts_remaining=5 detail=monitor_tick=296 health_interval_s=5
2026-04-07 17:32:28,635 | watchdog             | INFO     | [WATCHDOG_STATUS] state=HEALTHY pid=16952 uptime_s=610 crashes=0 restarts_used=0/5 restarts_remaining=5 detail=monitor_tick=122 health_interval_s=5
2026-04-07 17:32:28,726 | watchdog             | INFO     | [WATCHDOG_STATUS] state=HEALTHY pid=27120 uptime_s=1485 crashes=0 restarts_used=0/5 restarts_remaining=5 detail=monitor_tick=297 health_interval_s=5
2026-04-07 17:32:33,635 | watchdog             | INFO     | [WATCHDOG_STATUS] state=HEALTHY pid=16952 uptime_s=615 crashes=0 restarts_used=0/5 restarts_remaining=5 detail=monitor_tick=123 health_interval_s=5
2026-04-07 17:32:33,727 | watchdog             | INFO     | [WATCHDOG_STATUS] state=HEALTHY pid=27120 uptime_s=1490 crashes=0 restarts_used=0/5 restarts_remaining=5 detail=monitor_tick=298 health_interval_s=5
2026-04-07 17:32:38,636 | watchdog             | INFO     | [WATCHDOG_STATUS] state=HEALTHY pid=16952 uptime_s=620 crashes=0 restarts_used=0/5 restarts_remaining=5 detail=monitor_tick=124 health_interval_s=5
2026-04-07 17:32:38,728 | watchdog             | INFO     | [WATCHDOG_STATUS] state=HEALTHY pid=27120 uptime_s=1495 crashes=0 restarts_used=0/5 restarts_remaining=5 detail=monitor_tick=299 health_interval_s=5
2026-04-07 17:32:43,637 | watchdog             | INFO     | [WATCHDOG_STATUS] state=HEALTHY pid=16952 uptime_s=625 crashes=0 restarts_used=0/5 restarts_remaining=5 detail=monitor_tick=125 health_interval_s=5
2026-04-07 17:32:43,729 | watchdog             | INFO     | [WATCHDOG_STATUS] state=HEALTHY pid=27120 uptime_s=1500 crashes=0 restarts_used=0/5 restarts_remaining=5 detail=monitor_tick=300 health_interval_s=5
2026-04-07 17:32:44,361 | watchdog             | INFO     | [WATCHDOG_STATUS] state=HEALTHY pid=22584 uptime_s=300 crashes=0 restarts_used=0/5 restarts_remaining=5 detail=monitor_tick=10 health_interval_s=30
2026-04-07 17:32:48,637 | watchdog             | INFO     | [WATCHDOG_STATUS] state=HEALTHY pid=16952 uptime_s=630 crashes=0 restarts_used=0/5 restarts_remaining=5 detail=monitor_tick=126 health_interval_s=5
2026-04-07 17:32:48,729 | watchdog             | INFO     | [WATCHDOG_STATUS] state=HEALTHY pid=27120 uptime_s=1505 crashes=0 restarts_used=0/5 restarts_remaining=5 detail=monitor_tick=301 health_interval_s=5
2026-04-07 17:32:53,638 | watchdog             | INFO     | [WATCHDOG_STATUS] state=HEALTHY pid=16952 uptime_s=635 crashes=0 restarts_used=0/5 restarts_remaining=5 detail=monitor_tick=127 health_interval_s=5
2026-04-07 17:32:53,730 | watchdog             | INFO     | [WATCHDOG_STATUS] state=HEALTHY pid=27120 uptime_s=1510 crashes=0 restarts_used=0/5 restarts_remaining=5 detail=monitor_tick=302 health_interval_s=5
2026-04-07 17:32:58,639 | watchdog             | INFO     | [WATCHDOG_STATUS] state=HEALTHY pid=16952 uptime_s=640 crashes=0 restarts_used=0/5 restarts_remaining=5 detail=monitor_tick=128 health_interval_s=5
2026-04-07 17:32:58,731 | watchdog             | INFO     | [WATCHDOG_STATUS] state=HEALTHY pid=27120 uptime_s=1515 crashes=0 restarts_used=0/5 restarts_remaining=5 detail=monitor_tick=303 health_interval_s=5
2026-04-07 17:33:03,639 | watchdog             | INFO     | [WATCHDOG_STATUS] state=HEALTHY pid=16952 uptime_s=645 crashes=0 restarts_used=0/5 restarts_remaining=5 detail=monitor_tick=129 health_interval_s=5
2026-04-07 17:33:03,732 | watchdog             | INFO     | [WATCHDOG_STATUS] state=HEALTHY pid=27120 uptime_s=1520 crashes=0 restarts_used=0/5 restarts_remaining=5 detail=monitor_tick=304 health_interval_s=5
2026-04-07 17:33:08,640 | watchdog             | INFO     | [WATCHDOG_STATUS] state=HEALTHY pid=16952 uptime_s=650 crashes=0 restarts_used=0/5 restarts_remaining=5 detail=monitor_tick=130 health_interval_s=5
2026-04-07 17:33:08,733 | watchdog             | INFO     | [WATCHDOG_STATUS] state=HEALTHY pid=27120 uptime_s=1525 crashes=0 restarts_used=0/5 restarts_remaining=5 detail=monitor_tick=305 health_interval_s=5
2026-04-07 17:33:13,641 | watchdog             | INFO     | [WATCHDOG_STATUS] state=HEALTHY pid=16952 uptime_s=655 crashes=0 restarts_used=0/5 restarts_remaining=5 detail=monitor_tick=131 health_interval_s=5
2026-04-07 17:33:13,734 | watchdog             | INFO     | [WATCHDOG_STATUS] state=HEALTHY pid=27120 uptime_s=1530 crashes=0 restarts_used=0/5 restarts_remaining=5 detail=monitor_tick=306 health_interval_s=5
2026-04-07 17:33:14,362 | watchdog             | INFO     | [WATCHDOG_STATUS] state=HEALTHY pid=22584 uptime_s=330 crashes=0 restarts_used=0/5 restarts_remaining=5 detail=monitor_tick=11 health_interval_s=30
2026-04-07 17:33:18,642 | watchdog             | INFO     | [WATCHDOG_STATUS] state=HEALTHY pid=16952 uptime_s=660 crashes=0 restarts_used=0/5 restarts_remaining=5 detail=monitor_tick=132 health_interval_s=5
2026-04-07 17:33:18,735 | watchdog             | INFO     | [WATCHDOG_STATUS] state=HEALTHY pid=27120 uptime_s=1535 crashes=0 restarts_used=0/5 restarts_remaining=5 detail=monitor_tick=307 health_interval_s=5
2026-04-07 17:33:23,642 | watchdog             | INFO     | [WATCHDOG_STATUS] state=HEALTHY pid=16952 uptime_s=665 crashes=0 restarts_used=0/5 restarts_remaining=5 detail=monitor_tick=133 health_interval_s=5
2026-04-07 17:33:23,735 | watchdog             | INFO     | [WATCHDOG_STATUS] state=HEALTHY pid=27120 uptime_s=1540 crashes=0 restarts_used=0/5 restarts_remaining=5 detail=monitor_tick=308 health_interval_s=5
2026-04-07 17:33:28,643 | watchdog             | INFO     | [WATCHDOG_STATUS] state=HEALTHY pid=16952 uptime_s=670 crashes=0 restarts_used=0/5 restarts_remaining=5 detail=monitor_tick=134 health_interval_s=5
2026-04-07 17:33:28,736 | watchdog             | INFO     | [WATCHDOG_STATUS] state=HEALTHY pid=27120 uptime_s=1545 crashes=0 restarts_used=0/5 restarts_remaining=5 detail=monitor_tick=309 health_interval_s=5
2026-04-07 17:33:33,644 | watchdog             | INFO     | [WATCHDOG_STATUS] state=HEALTHY pid=16952 uptime_s=675 crashes=0 restarts_used=0/5 restarts_remaining=5 detail=monitor_tick=135 health_interval_s=5
2026-04-07 17:33:33,737 | watchdog             | INFO     | [WATCHDOG_STATUS] state=HEALTHY pid=27120 uptime_s=1550 crashes=0 restarts_used=0/5 restarts_remaining=5 detail=monitor_tick=310 health_interval_s=5
2026-04-07 17:33:38,645 | watchdog             | INFO     | [WATCHDOG_STATUS] state=HEALTHY pid=16952 uptime_s=680 crashes=0 restarts_used=0/5 restarts_remaining=5 detail=monitor_tick=136 health_interval_s=5
2026-04-07 17:33:38,737 | watchdog             | INFO     | [WATCHDOG_STATUS] state=HEALTHY pid=27120 uptime_s=1555 crashes=0 restarts_used=0/5 restarts_remaining=5 detail=monitor_tick=311 health_interval_s=5
2026-04-07 17:33:43,646 | watchdog             | INFO     | [WATCHDOG_STATUS] state=HEALTHY pid=16952 uptime_s=685 crashes=0 restarts_used=0/5 restarts_remaining=5 detail=monitor_tick=137 health_interval_s=5
2026-04-07 17:33:43,738 | watchdog             | INFO     | [WATCHDOG_STATUS] state=HEALTHY pid=27120 uptime_s=1560 crashes=0 restarts_used=0/5 restarts_remaining=5 detail=monitor_tick=312 health_interval_s=5
2026-04-07 17:33:44,363 | watchdog             | INFO     | [WATCHDOG_STATUS] state=HEALTHY pid=22584 uptime_s=360 crashes=0 restarts_used=0/5 restarts_remaining=5 detail=monitor_tick=12 health_interval_s=30
2026-04-07 17:33:48,646 | watchdog             | INFO     | [WATCHDOG_STATUS] state=HEALTHY pid=16952 uptime_s=690 crashes=0 restarts_used=0/5 restarts_remaining=5 detail=monitor_tick=138 health_interval_s=5
2026-04-07 17:33:48,738 | watchdog             | INFO     | [WATCHDOG_STATUS] state=HEALTHY pid=27120 uptime_s=1565 crashes=0 restarts_used=0/5 restarts_remaining=5 detail=monitor_tick=313 health_interval_s=5
2026-04-07 17:33:53,647 | watchdog             | INFO     | [WATCHDOG_STATUS] state=HEALTHY pid=16952 uptime_s=695 crashes=0 restarts_used=0/5 restarts_remaining=5 detail=monitor_tick=139 health_interval_s=5
2026-04-07 17:33:53,739 | watchdog             | INFO     | [WATCHDOG_STATUS] state=HEALTHY pid=27120 uptime_s=1570 crashes=0 restarts_used=0/5 restarts_remaining=5 detail=monitor_tick=314 health_interval_s=5
2026-04-07 17:33:58,648 | watchdog             | INFO     | [WATCHDOG_STATUS] state=HEALTHY pid=16952 uptime_s=700 crashes=0 restarts_used=0/5 restarts_remaining=5 detail=monitor_tick=140 health_interval_s=5
2026-04-07 17:33:58,740 | watchdog             | INFO     | [WATCHDOG_STATUS] state=HEALTHY pid=27120 uptime_s=1575 crashes=0 restarts_used=0/5 restarts_remaining=5 detail=monitor_tick=315 health_interval_s=5
2026-04-07 17:34:03,649 | watchdog             | INFO     | [WATCHDOG_STATUS] state=HEALTHY pid=16952 uptime_s=705 crashes=0 restarts_used=0/5 restarts_remaining=5 detail=monitor_tick=141 health_interval_s=5
2026-04-07 17:34:03,740 | watchdog             | INFO     | [WATCHDOG_STATUS] state=HEALTHY pid=27120 uptime_s=1580 crashes=0 restarts_used=0/5 restarts_remaining=5 detail=monitor_tick=316 health_interval_s=5
2026-04-07 17:34:08,650 | watchdog             | INFO     | [WATCHDOG_STATUS] state=HEALTHY pid=16952 uptime_s=710 crashes=0 restarts_used=0/5 restarts_remaining=5 detail=monitor_tick=142 health_interval_s=5
2026-04-07 17:34:08,741 | watchdog             | INFO     | [WATCHDOG_STATUS] state=HEALTHY pid=27120 uptime_s=1585 crashes=0 restarts_used=0/5 restarts_remaining=5 detail=monitor_tick=317 health_interval_s=5
2026-04-07 17:34:13,651 | watchdog             | INFO     | [WATCHDOG_STATUS] state=HEALTHY pid=16952 uptime_s=715 crashes=0 restarts_used=0/5 restarts_remaining=5 detail=monitor_tick=143 health_interval_s=5
2026-04-07 17:34:13,741 | watchdog             | INFO     | [WATCHDOG_STATUS] state=HEALTHY pid=27120 uptime_s=1590 crashes=0 restarts_used=0/5 restarts_remaining=5 detail=monitor_tick=318 health_interval_s=5
2026-04-07 17:34:14,364 | watchdog             | INFO     | [WATCHDOG_STATUS] state=HEALTHY pid=22584 uptime_s=390 crashes=0 restarts_used=0/5 restarts_remaining=5 detail=monitor_tick=13 health_interval_s=30
2026-04-07 17:34:18,652 | watchdog             | INFO     | [WATCHDOG_STATUS] state=HEALTHY pid=16952 uptime_s=720 crashes=0 restarts_used=0/5 restarts_remaining=5 detail=monitor_tick=144 health_interval_s=5
2026-04-07 17:34:18,742 | watchdog             | INFO     | [WATCHDOG_STATUS] state=HEALTHY pid=27120 uptime_s=1595 crashes=0 restarts_used=0/5 restarts_remaining=5 detail=monitor_tick=319 health_interval_s=5
2026-04-07 17:34:23,653 | watchdog             | INFO     | [WATCHDOG_STATUS] state=HEALTHY pid=16952 uptime_s=725 crashes=0 restarts_used=0/5 restarts_remaining=5 detail=monitor_tick=145 health_interval_s=5
2026-04-07 17:34:23,743 | watchdog             | INFO     | [WATCHDOG_STATUS] state=HEALTHY pid=27120 uptime_s=1600 crashes=0 restarts_used=0/5 restarts_remaining=5 detail=monitor_tick=320 health_interval_s=5
2026-04-07 17:34:28,654 | watchdog             | INFO     | [WATCHDOG_STATUS] state=HEALTHY pid=16952 uptime_s=730 crashes=0 restarts_used=0/5 restarts_remaining=5 detail=monitor_tick=146 health_interval_s=5
2026-04-07 17:34:28,744 | watchdog             | INFO     | [WATCHDOG_STATUS] state=HEALTHY pid=27120 uptime_s=1605 crashes=0 restarts_used=0/5 restarts_remaining=5 detail=monitor_tick=321 health_interval_s=5
2026-04-07 17:34:33,654 | watchdog             | INFO     | [WATCHDOG_STATUS] state=HEALTHY pid=16952 uptime_s=735 crashes=0 restarts_used=0/5 restarts_remaining=5 detail=monitor_tick=147 health_interval_s=5
2026-04-07 17:34:33,744 | watchdog             | INFO     | [WATCHDOG_STATUS] state=HEALTHY pid=27120 uptime_s=1610 crashes=0 restarts_used=0/5 restarts_remaining=5 detail=monitor_tick=322 health_interval_s=5
2026-04-07 17:34:38,655 | watchdog             | INFO     | [WATCHDOG_STATUS] state=HEALTHY pid=16952 uptime_s=740 crashes=0 restarts_used=0/5 restarts_remaining=5 detail=monitor_tick=148 health_interval_s=5
2026-04-07 17:34:38,745 | watchdog             | INFO     | [WATCHDOG_STATUS] state=HEALTHY pid=27120 uptime_s=1615 crashes=0 restarts_used=0/5 restarts_remaining=5 detail=monitor_tick=323 health_interval_s=5
2026-04-07 17:34:43,656 | watchdog             | INFO     | [WATCHDOG_STATUS] state=HEALTHY pid=16952 uptime_s=745 crashes=0 restarts_used=0/5 restarts_remaining=5 detail=monitor_tick=149 health_interval_s=5
2026-04-07 17:34:43,746 | watchdog             | INFO     | [WATCHDOG_STATUS] state=HEALTHY pid=27120 uptime_s=1620 crashes=0 restarts_used=0/5 restarts_remaining=5 detail=monitor_tick=324 health_interval_s=5
2026-04-07 17:34:44,365 | watchdog             | INFO     | [WATCHDOG_STATUS] state=HEALTHY pid=22584 uptime_s=420 crashes=0 restarts_used=0/5 restarts_remaining=5 detail=monitor_tick=14 health_interval_s=30
2026-04-07 17:34:48,657 | watchdog             | INFO     | [WATCHDOG_STATUS] state=HEALTHY pid=16952 uptime_s=750 crashes=0 restarts_used=0/5 restarts_remaining=5 detail=monitor_tick=150 health_interval_s=5
2026-04-07 17:34:48,747 | watchdog             | INFO     | [WATCHDOG_STATUS] state=HEALTHY pid=27120 uptime_s=1625 crashes=0 restarts_used=0/5 restarts_remaining=5 detail=monitor_tick=325 health_interval_s=5
2026-04-07 17:34:53,657 | watchdog             | INFO     | [WATCHDOG_STATUS] state=HEALTHY pid=16952 uptime_s=755 crashes=0 restarts_used=0/5 restarts_remaining=5 detail=monitor_tick=151 health_interval_s=5
2026-04-07 17:34:53,747 | watchdog             | INFO     | [WATCHDOG_STATUS] state=HEALTHY pid=27120 uptime_s=1630 crashes=0 restarts_used=0/5 restarts_remaining=5 detail=monitor_tick=326 health_interval_s=5
2026-04-07 17:34:58,658 | watchdog             | INFO     | [WATCHDOG_STATUS] state=HEALTHY pid=16952 uptime_s=760 crashes=0 restarts_used=0/5 restarts_remaining=5 detail=monitor_tick=152 health_interval_s=5
2026-04-07 17:34:58,748 | watchdog             | INFO     | [WATCHDOG_STATUS] state=HEALTHY pid=27120 uptime_s=1635 crashes=0 restarts_used=0/5 restarts_remaining=5 detail=monitor_tick=327 health_interval_s=5
2026-04-07 17:35:03,659 | watchdog             | INFO     | [WATCHDOG_STATUS] state=HEALTHY pid=16952 uptime_s=765 crashes=0 restarts_used=0/5 restarts_remaining=5 detail=monitor_tick=153 health_interval_s=5
2026-04-07 17:35:03,749 | watchdog             | INFO     | [WATCHDOG_STATUS] state=HEALTHY pid=27120 uptime_s=1640 crashes=0 restarts_used=0/5 restarts_remaining=5 detail=monitor_tick=328 health_interval_s=5
2026-04-07 17:35:08,660 | watchdog             | INFO     | [WATCHDOG_STATUS] state=HEALTHY pid=16952 uptime_s=770 crashes=0 restarts_used=0/5 restarts_remaining=5 detail=monitor_tick=154 health_interval_s=5
2026-04-07 17:35:08,750 | watchdog             | INFO     | [WATCHDOG_STATUS] state=HEALTHY pid=27120 uptime_s=1645 crashes=0 restarts_used=0/5 restarts_remaining=5 detail=monitor_tick=329 health_interval_s=5
2026-04-07 17:35:13,661 | watchdog             | INFO     | [WATCHDOG_STATUS] state=HEALTHY pid=16952 uptime_s=775 crashes=0 restarts_used=0/5 restarts_remaining=5 detail=monitor_tick=155 health_interval_s=5
2026-04-07 17:35:13,751 | watchdog             | INFO     | [WATCHDOG_STATUS] state=HEALTHY pid=27120 uptime_s=1650 crashes=0 restarts_used=0/5 restarts_remaining=5 detail=monitor_tick=330 health_interval_s=5
2026-04-07 17:35:14,366 | watchdog             | INFO     | [WATCHDOG_STATUS] state=HEALTHY pid=22584 uptime_s=450 crashes=0 restarts_used=0/5 restarts_remaining=5 detail=monitor_tick=15 health_interval_s=30
2026-04-07 17:35:18,662 | watchdog             | INFO     | [WATCHDOG_STATUS] state=HEALTHY pid=16952 uptime_s=780 crashes=0 restarts_used=0/5 restarts_remaining=5 detail=monitor_tick=156 health_interval_s=5
2026-04-07 17:35:18,752 | watchdog             | INFO     | [WATCHDOG_STATUS] state=HEALTHY pid=27120 uptime_s=1655 crashes=0 restarts_used=0/5 restarts_remaining=5 detail=monitor_tick=331 health_interval_s=5
2026-04-07 17:35:23,663 | watchdog             | INFO     | [WATCHDOG_STATUS] state=HEALTHY pid=16952 uptime_s=785 crashes=0 restarts_used=0/5 restarts_remaining=5 detail=monitor_tick=157 health_interval_s=5
2026-04-07 17:35:23,753 | watchdog             | INFO     | [WATCHDOG_STATUS] state=HEALTHY pid=27120 uptime_s=1660 crashes=0 restarts_used=0/5 restarts_remaining=5 detail=monitor_tick=332 health_interval_s=5
2026-04-07 17:35:28,664 | watchdog             | INFO     | [WATCHDOG_STATUS] state=HEALTHY pid=16952 uptime_s=790 crashes=0 restarts_used=0/5 restarts_remaining=5 detail=monitor_tick=158 health_interval_s=5
2026-04-07 17:35:28,753 | watchdog             | INFO     | [WATCHDOG_STATUS] state=HEALTHY pid=27120 uptime_s=1665 crashes=0 restarts_used=0/5 restarts_remaining=5 detail=monitor_tick=333 health_interval_s=5
2026-04-07 17:35:33,665 | watchdog             | INFO     | [WATCHDOG_STATUS] state=HEALTHY pid=16952 uptime_s=795 crashes=0 restarts_used=0/5 restarts_remaining=5 detail=monitor_tick=159 health_interval_s=5
2026-04-07 17:35:33,754 | watchdog             | INFO     | [WATCHDOG_STATUS] state=HEALTHY pid=27120 uptime_s=1670 crashes=0 restarts_used=0/5 restarts_remaining=5 detail=monitor_tick=334 health_interval_s=5
2026-04-07 17:35:38,665 | watchdog             | INFO     | [WATCHDOG_STATUS] state=HEALTHY pid=16952 uptime_s=800 crashes=0 restarts_used=0/5 restarts_remaining=5 detail=monitor_tick=160 health_interval_s=5
2026-04-07 17:35:38,755 | watchdog             | INFO     | [WATCHDOG_STATUS] state=HEALTHY pid=27120 uptime_s=1675 crashes=0 restarts_used=0/5 restarts_remaining=5 detail=monitor_tick=335 health_interval_s=5
2026-04-07 17:35:43,666 | watchdog             | INFO     | [WATCHDOG_STATUS] state=HEALTHY pid=16952 uptime_s=805 crashes=0 restarts_used=0/5 restarts_remaining=5 detail=monitor_tick=161 health_interval_s=5
2026-04-07 17:35:43,755 | watchdog             | INFO     | [WATCHDOG_STATUS] state=HEALTHY pid=27120 uptime_s=1680 crashes=0 restarts_used=0/5 restarts_remaining=5 detail=monitor_tick=336 health_interval_s=5
2026-04-07 17:35:44,366 | watchdog             | INFO     | [WATCHDOG_STATUS] state=HEALTHY pid=22584 uptime_s=480 crashes=0 restarts_used=0/5 restarts_remaining=5 detail=monitor_tick=16 health_interval_s=30
2026-04-07 17:35:48,667 | watchdog             | INFO     | [WATCHDOG_STATUS] state=HEALTHY pid=16952 uptime_s=810 crashes=0 restarts_used=0/5 restarts_remaining=5 detail=monitor_tick=162 health_interval_s=5
2026-04-07 17:35:48,756 | watchdog             | INFO     | [WATCHDOG_STATUS] state=HEALTHY pid=27120 uptime_s=1685 crashes=0 restarts_used=0/5 restarts_remaining=5 detail=monitor_tick=337 health_interval_s=5
2026-04-07 17:35:53,668 | watchdog             | INFO     | [WATCHDOG_STATUS] state=HEALTHY pid=16952 uptime_s=815 crashes=0 restarts_used=0/5 restarts_remaining=5 detail=monitor_tick=163 health_interval_s=5
2026-04-07 17:35:53,756 | watchdog             | INFO     | [WATCHDOG_STATUS] state=HEALTHY pid=27120 uptime_s=1690 crashes=0 restarts_used=0/5 restarts_remaining=5 detail=monitor_tick=338 health_interval_s=5
2026-04-07 17:35:58,669 | watchdog             | INFO     | [WATCHDOG_STATUS] state=HEALTHY pid=16952 uptime_s=820 crashes=0 restarts_used=0/5 restarts_remaining=5 detail=monitor_tick=164 health_interval_s=5
2026-04-07 17:35:58,757 | watchdog             | INFO     | [WATCHDOG_STATUS] state=HEALTHY pid=27120 uptime_s=1695 crashes=0 restarts_used=0/5 restarts_remaining=5 detail=monitor_tick=339 health_interval_s=5
2026-04-07 17:36:03,670 | watchdog             | INFO     | [WATCHDOG_STATUS] state=HEALTHY pid=16952 uptime_s=825 crashes=0 restarts_used=0/5 restarts_remaining=5 detail=monitor_tick=165 health_interval_s=5
2026-04-07 17:36:03,758 | watchdog             | INFO     | [WATCHDOG_STATUS] state=HEALTHY pid=27120 uptime_s=1700 crashes=0 restarts_used=0/5 restarts_remaining=5 detail=monitor_tick=340 health_interval_s=5
2026-04-07 17:36:08,670 | watchdog             | INFO     | [WATCHDOG_STATUS] state=HEALTHY pid=16952 uptime_s=830 crashes=0 restarts_used=0/5 restarts_remaining=5 detail=monitor_tick=166 health_interval_s=5
2026-04-07 17:36:08,758 | watchdog             | INFO     | [WATCHDOG_STATUS] state=HEALTHY pid=27120 uptime_s=1705 crashes=0 restarts_used=0/5 restarts_remaining=5 detail=monitor_tick=341 health_interval_s=5
2026-04-07 17:36:13,671 | watchdog             | INFO     | [WATCHDOG_STATUS] state=HEALTHY pid=16952 uptime_s=835 crashes=0 restarts_used=0/5 restarts_remaining=5 detail=monitor_tick=167 health_interval_s=5
2026-04-07 17:36:13,759 | watchdog             | INFO     | [WATCHDOG_STATUS] state=HEALTHY pid=27120 uptime_s=1710 crashes=0 restarts_used=0/5 restarts_remaining=5 detail=monitor_tick=342 health_interval_s=5
2026-04-07 17:36:14,367 | watchdog             | INFO     | [WATCHDOG_STATUS] state=HEALTHY pid=22584 uptime_s=510 crashes=0 restarts_used=0/5 restarts_remaining=5 detail=monitor_tick=17 health_interval_s=30
2026-04-07 17:36:18,672 | watchdog             | INFO     | [WATCHDOG_STATUS] state=HEALTHY pid=16952 uptime_s=840 crashes=0 restarts_used=0/5 restarts_remaining=5 detail=monitor_tick=168 health_interval_s=5
2026-04-07 17:36:18,760 | watchdog             | INFO     | [WATCHDOG_STATUS] state=HEALTHY pid=27120 uptime_s=1715 crashes=0 restarts_used=0/5 restarts_remaining=5 detail=monitor_tick=343 health_interval_s=5
2026-04-07 17:36:23,672 | watchdog             | INFO     | [WATCHDOG_STATUS] state=HEALTHY pid=16952 uptime_s=845 crashes=0 restarts_used=0/5 restarts_remaining=5 detail=monitor_tick=169 health_interval_s=5
2026-04-07 17:36:23,761 | watchdog             | INFO     | [WATCHDOG_STATUS] state=HEALTHY pid=27120 uptime_s=1720 crashes=0 restarts_used=0/5 restarts_remaining=5 detail=monitor_tick=344 health_interval_s=5
2026-04-07 17:36:28,673 | watchdog             | INFO     | [WATCHDOG_STATUS] state=HEALTHY pid=16952 uptime_s=850 crashes=0 restarts_used=0/5 restarts_remaining=5 detail=monitor_tick=170 health_interval_s=5
2026-04-07 17:36:28,762 | watchdog             | INFO     | [WATCHDOG_STATUS] state=HEALTHY pid=27120 uptime_s=1725 crashes=0 restarts_used=0/5 restarts_remaining=5 detail=monitor_tick=345 health_interval_s=5
2026-04-07 17:36:33,674 | watchdog             | INFO     | [WATCHDOG_STATUS] state=HEALTHY pid=16952 uptime_s=855 crashes=0 restarts_used=0/5 restarts_remaining=5 detail=monitor_tick=171 health_interval_s=5
2026-04-07 17:36:33,763 | watchdog             | INFO     | [WATCHDOG_STATUS] state=HEALTHY pid=27120 uptime_s=1730 crashes=0 restarts_used=0/5 restarts_remaining=5 detail=monitor_tick=346 health_interval_s=5
2026-04-07 17:36:38,674 | watchdog             | INFO     | [WATCHDOG_STATUS] state=HEALTHY pid=16952 uptime_s=860 crashes=0 restarts_used=0/5 restarts_remaining=5 detail=monitor_tick=172 health_interval_s=5
2026-04-07 17:36:38,770 | watchdog             | INFO     | [WATCHDOG_STATUS] state=HEALTHY pid=27120 uptime_s=1735 crashes=0 restarts_used=0/5 restarts_remaining=5 detail=monitor_tick=347 health_interval_s=5
2026-04-07 17:36:43,675 | watchdog             | INFO     | [WATCHDOG_STATUS] state=HEALTHY pid=16952 uptime_s=865 crashes=0 restarts_used=0/5 restarts_remaining=5 detail=monitor_tick=173 health_interval_s=5
2026-04-07 17:36:43,770 | watchdog             | INFO     | [WATCHDOG_STATUS] state=HEALTHY pid=27120 uptime_s=1740 crashes=0 restarts_used=0/5 restarts_remaining=5 detail=monitor_tick=348 health_interval_s=5
2026-04-07 17:36:44,368 | watchdog             | INFO     | [WATCHDOG_STATUS] state=HEALTHY pid=22584 uptime_s=540 crashes=0 restarts_used=0/5 restarts_remaining=5 detail=monitor_tick=18 health_interval_s=30
2026-04-07 17:36:48,676 | watchdog             | INFO     | [WATCHDOG_STATUS] state=HEALTHY pid=16952 uptime_s=870 crashes=0 restarts_used=0/5 restarts_remaining=5 detail=monitor_tick=174 health_interval_s=5
2026-04-07 17:36:48,771 | watchdog             | INFO     | [WATCHDOG_STATUS] state=HEALTHY pid=27120 uptime_s=1745 crashes=0 restarts_used=0/5 restarts_remaining=5 detail=monitor_tick=349 health_interval_s=5
2026-04-07 17:36:53,676 | watchdog             | INFO     | [WATCHDOG_STATUS] state=HEALTHY pid=16952 uptime_s=875 crashes=0 restarts_used=0/5 restarts_remaining=5 detail=monitor_tick=175 health_interval_s=5
2026-04-07 17:36:53,772 | watchdog             | INFO     | [WATCHDOG_STATUS] state=HEALTHY pid=27120 uptime_s=1750 crashes=0 restarts_used=0/5 restarts_remaining=5 detail=monitor_tick=350 health_interval_s=5
2026-04-07 17:36:58,677 | watchdog             | INFO     | [WATCHDOG_STATUS] state=HEALTHY pid=16952 uptime_s=880 crashes=0 restarts_used=0/5 restarts_remaining=5 detail=monitor_tick=176 health_interval_s=5
2026-04-07 17:36:58,772 | watchdog             | INFO     | [WATCHDOG_STATUS] state=HEALTHY pid=27120 uptime_s=1755 crashes=0 restarts_used=0/5 restarts_remaining=5 detail=monitor_tick=351 health_interval_s=5
2026-04-07 17:37:03,677 | watchdog             | INFO     | [WATCHDOG_STATUS] state=HEALTHY pid=16952 uptime_s=885 crashes=0 restarts_used=0/5 restarts_remaining=5 detail=monitor_tick=177 health_interval_s=5
2026-04-07 17:37:03,773 | watchdog             | INFO     | [WATCHDOG_STATUS] state=HEALTHY pid=27120 uptime_s=1760 crashes=0 restarts_used=0/5 restarts_remaining=5 detail=monitor_tick=352 health_interval_s=5
2026-04-07 17:37:08,679 | watchdog             | INFO     | [WATCHDOG_STATUS] state=HEALTHY pid=16952 uptime_s=890 crashes=0 restarts_used=0/5 restarts_remaining=5 detail=monitor_tick=178 health_interval_s=5
2026-04-07 17:37:08,774 | watchdog             | INFO     | [WATCHDOG_STATUS] state=HEALTHY pid=27120 uptime_s=1765 crashes=0 restarts_used=0/5 restarts_remaining=5 detail=monitor_tick=353 health_interval_s=5
2026-04-07 17:37:13,680 | watchdog             | INFO     | [WATCHDOG_STATUS] state=HEALTHY pid=16952 uptime_s=895 crashes=0 restarts_used=0/5 restarts_remaining=5 detail=monitor_tick=179 health_interval_s=5
2026-04-07 17:37:13,775 | watchdog             | INFO     | [WATCHDOG_STATUS] state=HEALTHY pid=27120 uptime_s=1770 crashes=0 restarts_used=0/5 restarts_remaining=5 detail=monitor_tick=354 health_interval_s=5
2026-04-07 17:37:14,369 | watchdog             | INFO     | [WATCHDOG_STATUS] state=HEALTHY pid=22584 uptime_s=570 crashes=0 restarts_used=0/5 restarts_remaining=5 detail=monitor_tick=19 health_interval_s=30
2026-04-07 17:37:18,681 | watchdog             | INFO     | [WATCHDOG_STATUS] state=HEALTHY pid=16952 uptime_s=900 crashes=0 restarts_used=0/5 restarts_remaining=5 detail=monitor_tick=180 health_interval_s=5
2026-04-07 17:37:18,776 | watchdog             | INFO     | [WATCHDOG_STATUS] state=HEALTHY pid=27120 uptime_s=1775 crashes=0 restarts_used=0/5 restarts_remaining=5 detail=monitor_tick=355 health_interval_s=5
2026-04-07 17:37:23,682 | watchdog             | INFO     | [WATCHDOG_STATUS] state=HEALTHY pid=16952 uptime_s=905 crashes=0 restarts_used=0/5 restarts_remaining=5 detail=monitor_tick=181 health_interval_s=5
2026-04-07 17:37:23,776 | watchdog             | INFO     | [WATCHDOG_STATUS] state=HEALTHY pid=27120 uptime_s=1780 crashes=0 restarts_used=0/5 restarts_remaining=5 detail=monitor_tick=356 health_interval_s=5
2026-04-07 17:37:28,683 | watchdog             | INFO     | [WATCHDOG_STATUS] state=HEALTHY pid=16952 uptime_s=910 crashes=0 restarts_used=0/5 restarts_remaining=5 detail=monitor_tick=182 health_interval_s=5
2026-04-07 17:37:28,777 | watchdog             | INFO     | [WATCHDOG_STATUS] state=HEALTHY pid=27120 uptime_s=1785 crashes=0 restarts_used=0/5 restarts_remaining=5 detail=monitor_tick=357 health_interval_s=5
2026-04-07 17:37:33,684 | watchdog             | INFO     | [WATCHDOG_STATUS] state=HEALTHY pid=16952 uptime_s=915 crashes=0 restarts_used=0/5 restarts_remaining=5 detail=monitor_tick=183 health_interval_s=5
2026-04-07 17:37:33,778 | watchdog             | INFO     | [WATCHDOG_STATUS] state=HEALTHY pid=27120 uptime_s=1790 crashes=0 restarts_used=0/5 restarts_remaining=5 detail=monitor_tick=358 health_interval_s=5
2026-04-07 17:37:38,684 | watchdog             | INFO     | [WATCHDOG_STATUS] state=HEALTHY pid=16952 uptime_s=920 crashes=0 restarts_used=0/5 restarts_remaining=5 detail=monitor_tick=184 health_interval_s=5
2026-04-07 17:37:38,778 | watchdog             | INFO     | [WATCHDOG_STATUS] state=HEALTHY pid=27120 uptime_s=1795 crashes=0 restarts_used=0/5 restarts_remaining=5 detail=monitor_tick=359 health_interval_s=5
2026-04-07 17:37:43,685 | watchdog             | INFO     | [WATCHDOG_STATUS] state=HEALTHY pid=16952 uptime_s=925 crashes=0 restarts_used=0/5 restarts_remaining=5 detail=monitor_tick=185 health_interval_s=5
2026-04-07 17:37:43,779 | watchdog             | INFO     | [WATCHDOG_STATUS] state=HEALTHY pid=27120 uptime_s=1800 crashes=0 restarts_used=0/5 restarts_remaining=5 detail=monitor_tick=360 health_interval_s=5
2026-04-07 17:37:44,369 | watchdog             | INFO     | [WATCHDOG_STATUS] state=HEALTHY pid=22584 uptime_s=600 crashes=0 restarts_used=0/5 restarts_remaining=5 detail=monitor_tick=20 health_interval_s=30
2026-04-07 17:37:48,686 | watchdog             | INFO     | [WATCHDOG_STATUS] state=HEALTHY pid=16952 uptime_s=930 crashes=0 restarts_used=0/5 restarts_remaining=5 detail=monitor_tick=186 health_interval_s=5
2026-04-07 17:37:48,781 | watchdog             | INFO     | [WATCHDOG_STATUS] state=HEALTHY pid=27120 uptime_s=1805 crashes=0 restarts_used=0/5 restarts_remaining=5 detail=monitor_tick=361 health_interval_s=5
2026-04-07 17:37:53,687 | watchdog             | INFO     | [WATCHDOG_STATUS] state=HEALTHY pid=16952 uptime_s=935 crashes=0 restarts_used=0/5 restarts_remaining=5 detail=monitor_tick=187 health_interval_s=5
2026-04-07 17:37:53,781 | watchdog             | INFO     | [WATCHDOG_STATUS] state=HEALTHY pid=27120 uptime_s=1810 crashes=0 restarts_used=0/5 restarts_remaining=5 detail=monitor_tick=362 health_interval_s=5
2026-04-07 17:37:58,687 | watchdog             | INFO     | [WATCHDOG_STATUS] state=HEALTHY pid=16952 uptime_s=940 crashes=0 restarts_used=0/5 restarts_remaining=5 detail=monitor_tick=188 health_interval_s=5
2026-04-07 17:37:58,782 | watchdog             | INFO     | [WATCHDOG_STATUS] state=HEALTHY pid=27120 uptime_s=1815 crashes=0 restarts_used=0/5 restarts_remaining=5 detail=monitor_tick=363 health_interval_s=5
2026-04-07 17:38:03,688 | watchdog             | INFO     | [WATCHDOG_STATUS] state=HEALTHY pid=16952 uptime_s=945 crashes=0 restarts_used=0/5 restarts_remaining=5 detail=monitor_tick=189 health_interval_s=5
2026-04-07 17:38:03,783 | watchdog             | INFO     | [WATCHDOG_STATUS] state=HEALTHY pid=27120 uptime_s=1820 crashes=0 restarts_used=0/5 restarts_remaining=5 detail=monitor_tick=364 health_interval_s=5
2026-04-07 17:38:08,689 | watchdog             | INFO     | [WATCHDOG_STATUS] state=HEALTHY pid=16952 uptime_s=950 crashes=0 restarts_used=0/5 restarts_remaining=5 detail=monitor_tick=190 health_interval_s=5
2026-04-07 17:38:08,784 | watchdog             | INFO     | [WATCHDOG_STATUS] state=HEALTHY pid=27120 uptime_s=1825 crashes=0 restarts_used=0/5 restarts_remaining=5 detail=monitor_tick=365 health_interval_s=5
2026-04-07 17:38:13,690 | watchdog             | INFO     | [WATCHDOG_STATUS] state=HEALTHY pid=16952 uptime_s=955 crashes=0 restarts_used=0/5 restarts_remaining=5 detail=monitor_tick=191 health_interval_s=5
2026-04-07 17:38:13,785 | watchdog             | INFO     | [WATCHDOG_STATUS] state=HEALTHY pid=27120 uptime_s=1830 crashes=0 restarts_used=0/5 restarts_remaining=5 detail=monitor_tick=366 health_interval_s=5
2026-04-07 17:38:14,370 | watchdog             | INFO     | [WATCHDOG_STATUS] state=HEALTHY pid=22584 uptime_s=630 crashes=0 restarts_used=0/5 restarts_remaining=5 detail=monitor_tick=21 health_interval_s=30
2026-04-07 17:38:18,690 | watchdog             | INFO     | [WATCHDOG_STATUS] state=HEALTHY pid=16952 uptime_s=960 crashes=0 restarts_used=0/5 restarts_remaining=5 detail=monitor_tick=192 health_interval_s=5
2026-04-07 17:38:18,785 | watchdog             | INFO     | [WATCHDOG_STATUS] state=HEALTHY pid=27120 uptime_s=1835 crashes=0 restarts_used=0/5 restarts_remaining=5 detail=monitor_tick=367 health_interval_s=5
2026-04-07 17:38:23,691 | watchdog             | INFO     | [WATCHDOG_STATUS] state=HEALTHY pid=16952 uptime_s=965 crashes=0 restarts_used=0/5 restarts_remaining=5 detail=monitor_tick=193 health_interval_s=5
2026-04-07 17:38:23,786 | watchdog             | INFO     | [WATCHDOG_STATUS] state=HEALTHY pid=27120 uptime_s=1840 crashes=0 restarts_used=0/5 restarts_remaining=5 detail=monitor_tick=368 health_interval_s=5
2026-04-07 17:38:28,691 | watchdog             | INFO     | [WATCHDOG_STATUS] state=HEALTHY pid=16952 uptime_s=970 crashes=0 restarts_used=0/5 restarts_remaining=5 detail=monitor_tick=194 health_interval_s=5
2026-04-07 17:38:28,787 | watchdog             | INFO     | [WATCHDOG_STATUS] state=HEALTHY pid=27120 uptime_s=1845 crashes=0 restarts_used=0/5 restarts_remaining=5 detail=monitor_tick=369 health_interval_s=5
2026-04-07 17:38:33,692 | watchdog             | INFO     | [WATCHDOG_STATUS] state=HEALTHY pid=16952 uptime_s=975 crashes=0 restarts_used=0/5 restarts_remaining=5 detail=monitor_tick=195 health_interval_s=5
2026-04-07 17:38:33,788 | watchdog             | INFO     | [WATCHDOG_STATUS] state=HEALTHY pid=27120 uptime_s=1850 crashes=0 restarts_used=0/5 restarts_remaining=5 detail=monitor_tick=370 health_interval_s=5
2026-04-07 17:38:38,692 | watchdog             | INFO     | [WATCHDOG_STATUS] state=HEALTHY pid=16952 uptime_s=980 crashes=0 restarts_used=0/5 restarts_remaining=5 detail=monitor_tick=196 health_interval_s=5
2026-04-07 17:38:38,788 | watchdog             | INFO     | [WATCHDOG_STATUS] state=HEALTHY pid=27120 uptime_s=1855 crashes=0 restarts_used=0/5 restarts_remaining=5 detail=monitor_tick=371 health_interval_s=5
2026-04-07 17:38:43,693 | watchdog             | INFO     | [WATCHDOG_STATUS] state=HEALTHY pid=16952 uptime_s=985 crashes=0 restarts_used=0/5 restarts_remaining=5 detail=monitor_tick=197 health_interval_s=5
2026-04-07 17:38:43,789 | watchdog             | INFO     | [WATCHDOG_STATUS] state=HEALTHY pid=27120 uptime_s=1860 crashes=0 restarts_used=0/5 restarts_remaining=5 detail=monitor_tick=372 health_interval_s=5
2026-04-07 17:38:44,370 | watchdog             | INFO     | [WATCHDOG_STATUS] state=HEALTHY pid=22584 uptime_s=660 crashes=0 restarts_used=0/5 restarts_remaining=5 detail=monitor_tick=22 health_interval_s=30
2026-04-07 17:38:48,695 | watchdog             | INFO     | [WATCHDOG_STATUS] state=HEALTHY pid=16952 uptime_s=990 crashes=0 restarts_used=0/5 restarts_remaining=5 detail=monitor_tick=198 health_interval_s=5
2026-04-07 17:38:48,790 | watchdog             | INFO     | [WATCHDOG_STATUS] state=HEALTHY pid=27120 uptime_s=1865 crashes=0 restarts_used=0/5 restarts_remaining=5 detail=monitor_tick=373 health_interval_s=5
2026-04-07 17:38:53,696 | watchdog             | INFO     | [WATCHDOG_STATUS] state=HEALTHY pid=16952 uptime_s=995 crashes=0 restarts_used=0/5 restarts_remaining=5 detail=monitor_tick=199 health_interval_s=5
2026-04-07 17:38:53,790 | watchdog             | INFO     | [WATCHDOG_STATUS] state=HEALTHY pid=27120 uptime_s=1870 crashes=0 restarts_used=0/5 restarts_remaining=5 detail=monitor_tick=374 health_interval_s=5
2026-04-07 17:38:58,697 | watchdog             | INFO     | [WATCHDOG_STATUS] state=HEALTHY pid=16952 uptime_s=1000 crashes=0 restarts_used=0/5 restarts_remaining=5 detail=monitor_tick=200 health_interval_s=5
2026-04-07 17:38:58,791 | watchdog             | INFO     | [WATCHDOG_STATUS] state=HEALTHY pid=27120 uptime_s=1875 crashes=0 restarts_used=0/5 restarts_remaining=5 detail=monitor_tick=375 health_interval_s=5
2026-04-07 17:39:03,698 | watchdog             | INFO     | [WATCHDOG_STATUS] state=HEALTHY pid=16952 uptime_s=1005 crashes=0 restarts_used=0/5 restarts_remaining=5 detail=monitor_tick=201 health_interval_s=5
2026-04-07 17:39:03,792 | watchdog             | INFO     | [WATCHDOG_STATUS] state=HEALTHY pid=27120 uptime_s=1880 crashes=0 restarts_used=0/5 restarts_remaining=5 detail=monitor_tick=376 health_interval_s=5
2026-04-07 17:39:08,699 | watchdog             | INFO     | [WATCHDOG_STATUS] state=HEALTHY pid=16952 uptime_s=1010 crashes=0 restarts_used=0/5 restarts_remaining=5 detail=monitor_tick=202 health_interval_s=5
2026-04-07 17:39:08,793 | watchdog             | INFO     | [WATCHDOG_STATUS] state=HEALTHY pid=27120 uptime_s=1885 crashes=0 restarts_used=0/5 restarts_remaining=5 detail=monitor_tick=377 health_interval_s=5
2026-04-07 17:39:13,700 | watchdog             | INFO     | [WATCHDOG_STATUS] state=HEALTHY pid=16952 uptime_s=1015 crashes=0 restarts_used=0/5 restarts_remaining=5 detail=monitor_tick=203 health_interval_s=5
2026-04-07 17:39:13,794 | watchdog             | INFO     | [WATCHDOG_STATUS] state=HEALTHY pid=27120 uptime_s=1890 crashes=0 restarts_used=0/5 restarts_remaining=5 detail=monitor_tick=378 health_interval_s=5
2026-04-07 17:39:14,371 | watchdog             | INFO     | [WATCHDOG_STATUS] state=HEALTHY pid=22584 uptime_s=690 crashes=0 restarts_used=0/5 restarts_remaining=5 detail=monitor_tick=23 health_interval_s=30
2026-04-07 17:39:18,701 | watchdog             | INFO     | [WATCHDOG_STATUS] state=HEALTHY pid=16952 uptime_s=1020 crashes=0 restarts_used=0/5 restarts_remaining=5 detail=monitor_tick=204 health_interval_s=5
2026-04-07 17:39:18,795 | watchdog             | INFO     | [WATCHDOG_STATUS] state=HEALTHY pid=27120 uptime_s=1895 crashes=0 restarts_used=0/5 restarts_remaining=5 detail=monitor_tick=379 health_interval_s=5
2026-04-07 17:39:23,702 | watchdog             | INFO     | [WATCHDOG_STATUS] state=HEALTHY pid=16952 uptime_s=1025 crashes=0 restarts_used=0/5 restarts_remaining=5 detail=monitor_tick=205 health_interval_s=5
2026-04-07 17:39:23,796 | watchdog             | INFO     | [WATCHDOG_STATUS] state=HEALTHY pid=27120 uptime_s=1900 crashes=0 restarts_used=0/5 restarts_remaining=5 detail=monitor_tick=380 health_interval_s=5
2026-04-07 17:39:28,702 | watchdog             | INFO     | [WATCHDOG_STATUS] state=HEALTHY pid=16952 uptime_s=1030 crashes=0 restarts_used=0/5 restarts_remaining=5 detail=monitor_tick=206 health_interval_s=5
2026-04-07 17:39:28,797 | watchdog             | INFO     | [WATCHDOG_STATUS] state=HEALTHY pid=27120 uptime_s=1905 crashes=0 restarts_used=0/5 restarts_remaining=5 detail=monitor_tick=381 health_interval_s=5
2026-04-07 17:39:33,703 | watchdog             | INFO     | [WATCHDOG_STATUS] state=HEALTHY pid=16952 uptime_s=1035 crashes=0 restarts_used=0/5 restarts_remaining=5 detail=monitor_tick=207 health_interval_s=5
2026-04-07 17:39:33,799 | watchdog             | INFO     | [WATCHDOG_STATUS] state=HEALTHY pid=27120 uptime_s=1910 crashes=0 restarts_used=0/5 restarts_remaining=5 detail=monitor_tick=382 health_interval_s=5
2026-04-07 17:39:38,704 | watchdog             | INFO     | [WATCHDOG_STATUS] state=HEALTHY pid=16952 uptime_s=1040 crashes=0 restarts_used=0/5 restarts_remaining=5 detail=monitor_tick=208 health_interval_s=5
2026-04-07 17:39:38,799 | watchdog             | INFO     | [WATCHDOG_STATUS] state=HEALTHY pid=27120 uptime_s=1915 crashes=0 restarts_used=0/5 restarts_remaining=5 detail=monitor_tick=383 health_interval_s=5
2026-04-07 17:39:43,705 | watchdog             | INFO     | [WATCHDOG_STATUS] state=HEALTHY pid=16952 uptime_s=1045 crashes=0 restarts_used=0/5 restarts_remaining=5 detail=monitor_tick=209 health_interval_s=5
2026-04-07 17:39:43,801 | watchdog             | INFO     | [WATCHDOG_STATUS] state=HEALTHY pid=27120 uptime_s=1920 crashes=0 restarts_used=0/5 restarts_remaining=5 detail=monitor_tick=384 health_interval_s=5
2026-04-07 17:39:44,373 | watchdog             | INFO     | [WATCHDOG_STATUS] state=HEALTHY pid=22584 uptime_s=720 crashes=0 restarts_used=0/5 restarts_remaining=5 detail=monitor_tick=24 health_interval_s=30
2026-04-07 17:39:48,706 | watchdog             | INFO     | [WATCHDOG_STATUS] state=HEALTHY pid=16952 uptime_s=1050 crashes=0 restarts_used=0/5 restarts_remaining=5 detail=monitor_tick=210 health_interval_s=5
2026-04-07 17:39:48,802 | watchdog             | INFO     | [WATCHDOG_STATUS] state=HEALTHY pid=27120 uptime_s=1925 crashes=0 restarts_used=0/5 restarts_remaining=5 detail=monitor_tick=385 health_interval_s=5
2026-04-07 17:39:53,707 | watchdog             | INFO     | [WATCHDOG_STATUS] state=HEALTHY pid=16952 uptime_s=1055 crashes=0 restarts_used=0/5 restarts_remaining=5 detail=monitor_tick=211 health_interval_s=5
2026-04-07 17:39:53,802 | watchdog             | INFO     | [WATCHDOG_STATUS] state=HEALTHY pid=27120 uptime_s=1930 crashes=0 restarts_used=0/5 restarts_remaining=5 detail=monitor_tick=386 health_interval_s=5
2026-04-07 17:39:58,708 | watchdog             | INFO     | [WATCHDOG_STATUS] state=HEALTHY pid=16952 uptime_s=1060 crashes=0 restarts_used=0/5 restarts_remaining=5 detail=monitor_tick=212 health_interval_s=5
2026-04-07 17:39:58,803 | watchdog             | INFO     | [WATCHDOG_STATUS] state=HEALTHY pid=27120 uptime_s=1935 crashes=0 restarts_used=0/5 restarts_remaining=5 detail=monitor_tick=387 health_interval_s=5
2026-04-07 17:40:03,709 | watchdog             | INFO     | [WATCHDOG_STATUS] state=HEALTHY pid=16952 uptime_s=1065 crashes=0 restarts_used=0/5 restarts_remaining=5 detail=monitor_tick=213 health_interval_s=5
2026-04-07 17:40:03,803 | watchdog             | INFO     | [WATCHDOG_STATUS] state=HEALTHY pid=27120 uptime_s=1940 crashes=0 restarts_used=0/5 restarts_remaining=5 detail=monitor_tick=388 health_interval_s=5
2026-04-07 17:40:08,710 | watchdog             | INFO     | [WATCHDOG_STATUS] state=HEALTHY pid=16952 uptime_s=1070 crashes=0 restarts_used=0/5 restarts_remaining=5 detail=monitor_tick=214 health_interval_s=5
2026-04-07 17:40:08,804 | watchdog             | INFO     | [WATCHDOG_STATUS] state=HEALTHY pid=27120 uptime_s=1945 crashes=0 restarts_used=0/5 restarts_remaining=5 detail=monitor_tick=389 health_interval_s=5
2026-04-07 17:40:13,711 | watchdog             | INFO     | [WATCHDOG_STATUS] state=HEALTHY pid=16952 uptime_s=1075 crashes=0 restarts_used=0/5 restarts_remaining=5 detail=monitor_tick=215 health_interval_s=5
2026-04-07 17:40:13,805 | watchdog             | INFO     | [WATCHDOG_STATUS] state=HEALTHY pid=27120 uptime_s=1950 crashes=0 restarts_used=0/5 restarts_remaining=5 detail=monitor_tick=390 health_interval_s=5
2026-04-07 17:40:14,374 | watchdog             | INFO     | [WATCHDOG_STATUS] state=HEALTHY pid=22584 uptime_s=750 crashes=0 restarts_used=0/5 restarts_remaining=5 detail=monitor_tick=25 health_interval_s=30
2026-04-07 17:40:18,711 | watchdog             | INFO     | [WATCHDOG_STATUS] state=HEALTHY pid=16952 uptime_s=1080 crashes=0 restarts_used=0/5 restarts_remaining=5 detail=monitor_tick=216 health_interval_s=5
2026-04-07 17:40:18,806 | watchdog             | INFO     | [WATCHDOG_STATUS] state=HEALTHY pid=27120 uptime_s=1955 crashes=0 restarts_used=0/5 restarts_remaining=5 detail=monitor_tick=391 health_interval_s=5
2026-04-07 17:40:23,712 | watchdog             | INFO     | [WATCHDOG_STATUS] state=HEALTHY pid=16952 uptime_s=1085 crashes=0 restarts_used=0/5 restarts_remaining=5 detail=monitor_tick=217 health_interval_s=5
2026-04-07 17:40:23,807 | watchdog             | INFO     | [WATCHDOG_STATUS] state=HEALTHY pid=27120 uptime_s=1960 crashes=0 restarts_used=0/5 restarts_remaining=5 detail=monitor_tick=392 health_interval_s=5
2026-04-07 17:40:28,713 | watchdog             | INFO     | [WATCHDOG_STATUS] state=HEALTHY pid=16952 uptime_s=1090 crashes=0 restarts_used=0/5 restarts_remaining=5 detail=monitor_tick=218 health_interval_s=5
2026-04-07 17:40:28,807 | watchdog             | INFO     | [WATCHDOG_STATUS] state=HEALTHY pid=27120 uptime_s=1965 crashes=0 restarts_used=0/5 restarts_remaining=5 detail=monitor_tick=393 health_interval_s=5
2026-04-07 17:40:33,714 | watchdog             | INFO     | [WATCHDOG_STATUS] state=HEALTHY pid=16952 uptime_s=1095 crashes=0 restarts_used=0/5 restarts_remaining=5 detail=monitor_tick=219 health_interval_s=5
2026-04-07 17:40:33,808 | watchdog             | INFO     | [WATCHDOG_STATUS] state=HEALTHY pid=27120 uptime_s=1970 crashes=0 restarts_used=0/5 restarts_remaining=5 detail=monitor_tick=394 health_interval_s=5
2026-04-07 17:40:38,715 | watchdog             | INFO     | [WATCHDOG_STATUS] state=HEALTHY pid=16952 uptime_s=1100 crashes=0 restarts_used=0/5 restarts_remaining=5 detail=monitor_tick=220 health_interval_s=5
2026-04-07 17:40:38,809 | watchdog             | INFO     | [WATCHDOG_STATUS] state=HEALTHY pid=27120 uptime_s=1975 crashes=0 restarts_used=0/5 restarts_remaining=5 detail=monitor_tick=395 health_interval_s=5
2026-04-07 17:40:43,716 | watchdog             | INFO     | [WATCHDOG_STATUS] state=HEALTHY pid=16952 uptime_s=1105 crashes=0 restarts_used=0/5 restarts_remaining=5 detail=monitor_tick=221 health_interval_s=5
2026-04-07 17:40:43,810 | watchdog             | INFO     | [WATCHDOG_STATUS] state=HEALTHY pid=27120 uptime_s=1980 crashes=0 restarts_used=0/5 restarts_remaining=5 detail=monitor_tick=396 health_interval_s=5
2026-04-07 17:40:44,375 | watchdog             | INFO     | [WATCHDOG_STATUS] state=HEALTHY pid=22584 uptime_s=780 crashes=0 restarts_used=0/5 restarts_remaining=5 detail=monitor_tick=26 health_interval_s=30
2026-04-07 17:40:48,717 | watchdog             | INFO     | [WATCHDOG_STATUS] state=HEALTHY pid=16952 uptime_s=1110 crashes=0 restarts_used=0/5 restarts_remaining=5 detail=monitor_tick=222 health_interval_s=5
2026-04-07 17:40:48,811 | watchdog             | INFO     | [WATCHDOG_STATUS] state=HEALTHY pid=27120 uptime_s=1985 crashes=0 restarts_used=0/5 restarts_remaining=5 detail=monitor_tick=397 health_interval_s=5
2026-04-07 17:40:53,717 | watchdog             | INFO     | [WATCHDOG_STATUS] state=HEALTHY pid=16952 uptime_s=1115 crashes=0 restarts_used=0/5 restarts_remaining=5 detail=monitor_tick=223 health_interval_s=5
2026-04-07 17:40:53,812 | watchdog             | INFO     | [WATCHDOG_STATUS] state=HEALTHY pid=27120 uptime_s=1990 crashes=0 restarts_used=0/5 restarts_remaining=5 detail=monitor_tick=398 health_interval_s=5
2026-04-07 17:40:58,718 | watchdog             | INFO     | [WATCHDOG_STATUS] state=HEALTHY pid=16952 uptime_s=1120 crashes=0 restarts_used=0/5 restarts_remaining=5 detail=monitor_tick=224 health_interval_s=5
2026-04-07 17:40:58,813 | watchdog             | INFO     | [WATCHDOG_STATUS] state=HEALTHY pid=27120 uptime_s=1995 crashes=0 restarts_used=0/5 restarts_remaining=5 detail=monitor_tick=399 health_interval_s=5
2026-04-07 17:41:03,719 | watchdog             | INFO     | [WATCHDOG_STATUS] state=HEALTHY pid=16952 uptime_s=1125 crashes=0 restarts_used=0/5 restarts_remaining=5 detail=monitor_tick=225 health_interval_s=5
2026-04-07 17:41:03,813 | watchdog             | INFO     | [WATCHDOG_STATUS] state=HEALTHY pid=27120 uptime_s=2000 crashes=0 restarts_used=0/5 restarts_remaining=5 detail=monitor_tick=400 health_interval_s=5
2026-04-07 17:41:08,720 | watchdog             | INFO     | [WATCHDOG_STATUS] state=HEALTHY pid=16952 uptime_s=1130 crashes=0 restarts_used=0/5 restarts_remaining=5 detail=monitor_tick=226 health_interval_s=5
2026-04-07 17:41:08,814 | watchdog             | INFO     | [WATCHDOG_STATUS] state=HEALTHY pid=27120 uptime_s=2005 crashes=0 restarts_used=0/5 restarts_remaining=5 detail=monitor_tick=401 health_interval_s=5
2026-04-07 17:41:13,720 | watchdog             | INFO     | [WATCHDOG_STATUS] state=HEALTHY pid=16952 uptime_s=1135 crashes=0 restarts_used=0/5 restarts_remaining=5 detail=monitor_tick=227 health_interval_s=5
2026-04-07 17:41:13,815 | watchdog             | INFO     | [WATCHDOG_STATUS] state=HEALTHY pid=27120 uptime_s=2010 crashes=0 restarts_used=0/5 restarts_remaining=5 detail=monitor_tick=402 health_interval_s=5
2026-04-07 17:41:14,375 | watchdog             | INFO     | [WATCHDOG_STATUS] state=HEALTHY pid=22584 uptime_s=810 crashes=0 restarts_used=0/5 restarts_remaining=5 detail=monitor_tick=27 health_interval_s=30
2026-04-07 17:41:18,721 | watchdog             | INFO     | [WATCHDOG_STATUS] state=HEALTHY pid=16952 uptime_s=1140 crashes=0 restarts_used=0/5 restarts_remaining=5 detail=monitor_tick=228 health_interval_s=5
2026-04-07 17:41:18,816 | watchdog             | INFO     | [WATCHDOG_STATUS] state=HEALTHY pid=27120 uptime_s=2015 crashes=0 restarts_used=0/5 restarts_remaining=5 detail=monitor_tick=403 health_interval_s=5
2026-04-07 17:41:23,722 | watchdog             | INFO     | [WATCHDOG_STATUS] state=HEALTHY pid=16952 uptime_s=1145 crashes=0 restarts_used=0/5 restarts_remaining=5 detail=monitor_tick=229 health_interval_s=5
2026-04-07 17:41:23,816 | watchdog             | INFO     | [WATCHDOG_STATUS] state=HEALTHY pid=27120 uptime_s=2020 crashes=0 restarts_used=0/5 restarts_remaining=5 detail=monitor_tick=404 health_interval_s=5
2026-04-07 17:41:28,722 | watchdog             | INFO     | [WATCHDOG_STATUS] state=HEALTHY pid=16952 uptime_s=1150 crashes=0 restarts_used=0/5 restarts_remaining=5 detail=monitor_tick=230 health_interval_s=5
2026-04-07 17:41:28,817 | watchdog             | INFO     | [WATCHDOG_STATUS] state=HEALTHY pid=27120 uptime_s=2025 crashes=0 restarts_used=0/5 restarts_remaining=5 detail=monitor_tick=405 health_interval_s=5
2026-04-07 17:41:33,723 | watchdog             | INFO     | [WATCHDOG_STATUS] state=HEALTHY pid=16952 uptime_s=1155 crashes=0 restarts_used=0/5 restarts_remaining=5 detail=monitor_tick=231 health_interval_s=5
2026-04-07 17:41:33,819 | watchdog             | INFO     | [WATCHDOG_STATUS] state=HEALTHY pid=27120 uptime_s=2030 crashes=0 restarts_used=0/5 restarts_remaining=5 detail=monitor_tick=406 health_interval_s=5
2026-04-07 17:41:38,724 | watchdog             | INFO     | [WATCHDOG_STATUS] state=HEALTHY pid=16952 uptime_s=1160 crashes=0 restarts_used=0/5 restarts_remaining=5 detail=monitor_tick=232 health_interval_s=5
2026-04-07 17:41:38,819 | watchdog             | INFO     | [WATCHDOG_STATUS] state=HEALTHY pid=27120 uptime_s=2035 crashes=0 restarts_used=0/5 restarts_remaining=5 detail=monitor_tick=407 health_interval_s=5
2026-04-07 17:41:43,726 | watchdog             | INFO     | [WATCHDOG_STATUS] state=HEALTHY pid=16952 uptime_s=1165 crashes=0 restarts_used=0/5 restarts_remaining=5 detail=monitor_tick=233 health_interval_s=5
2026-04-07 17:41:43,820 | watchdog             | INFO     | [WATCHDOG_STATUS] state=HEALTHY pid=27120 uptime_s=2040 crashes=0 restarts_used=0/5 restarts_remaining=5 detail=monitor_tick=408 health_interval_s=5
2026-04-07 17:41:44,376 | watchdog             | INFO     | [WATCHDOG_STATUS] state=HEALTHY pid=22584 uptime_s=840 crashes=0 restarts_used=0/5 restarts_remaining=5 detail=monitor_tick=28 health_interval_s=30
2026-04-07 17:41:48,727 | watchdog             | INFO     | [WATCHDOG_STATUS] state=HEALTHY pid=16952 uptime_s=1170 crashes=0 restarts_used=0/5 restarts_remaining=5 detail=monitor_tick=234 health_interval_s=5
2026-04-07 17:41:48,821 | watchdog             | INFO     | [WATCHDOG_STATUS] state=HEALTHY pid=27120 uptime_s=2045 crashes=0 restarts_used=0/5 restarts_remaining=5 detail=monitor_tick=409 health_interval_s=5
2026-04-07 17:41:53,727 | watchdog             | INFO     | [WATCHDOG_STATUS] state=HEALTHY pid=16952 uptime_s=1175 crashes=0 restarts_used=0/5 restarts_remaining=5 detail=monitor_tick=235 health_interval_s=5
2026-04-07 17:41:53,822 | watchdog             | INFO     | [WATCHDOG_STATUS] state=HEALTHY pid=27120 uptime_s=2050 crashes=0 restarts_used=0/5 restarts_remaining=5 detail=monitor_tick=410 health_interval_s=5
2026-04-07 17:41:58,728 | watchdog             | INFO     | [WATCHDOG_STATUS] state=HEALTHY pid=16952 uptime_s=1180 crashes=0 restarts_used=0/5 restarts_remaining=5 detail=monitor_tick=236 health_interval_s=5
2026-04-07 17:41:58,822 | watchdog             | INFO     | [WATCHDOG_STATUS] state=HEALTHY pid=27120 uptime_s=2055 crashes=0 restarts_used=0/5 restarts_remaining=5 detail=monitor_tick=411 health_interval_s=5
2026-04-07 17:42:03,729 | watchdog             | INFO     | [WATCHDOG_STATUS] state=HEALTHY pid=16952 uptime_s=1185 crashes=0 restarts_used=0/5 restarts_remaining=5 detail=monitor_tick=237 health_interval_s=5
2026-04-07 17:42:03,823 | watchdog             | INFO     | [WATCHDOG_STATUS] state=HEALTHY pid=27120 uptime_s=2060 crashes=0 restarts_used=0/5 restarts_remaining=5 detail=monitor_tick=412 health_interval_s=5
2026-04-07 17:42:08,730 | watchdog             | INFO     | [WATCHDOG_STATUS] state=HEALTHY pid=16952 uptime_s=1190 crashes=0 restarts_used=0/5 restarts_remaining=5 detail=monitor_tick=238 health_interval_s=5
2026-04-07 17:42:08,824 | watchdog             | INFO     | [WATCHDOG_STATUS] state=HEALTHY pid=27120 uptime_s=2065 crashes=0 restarts_used=0/5 restarts_remaining=5 detail=monitor_tick=413 health_interval_s=5
2026-04-07 17:42:13,731 | watchdog             | INFO     | [WATCHDOG_STATUS] state=HEALTHY pid=16952 uptime_s=1195 crashes=0 restarts_used=0/5 restarts_remaining=5 detail=monitor_tick=239 health_interval_s=5
2026-04-07 17:42:13,825 | watchdog             | INFO     | [WATCHDOG_STATUS] state=HEALTHY pid=27120 uptime_s=2070 crashes=0 restarts_used=0/5 restarts_remaining=5 detail=monitor_tick=414 health_interval_s=5
2026-04-07 17:42:14,377 | watchdog             | INFO     | [WATCHDOG_STATUS] state=HEALTHY pid=22584 uptime_s=870 crashes=0 restarts_used=0/5 restarts_remaining=5 detail=monitor_tick=29 health_interval_s=30
2026-04-07 17:42:18,732 | watchdog             | INFO     | [WATCHDOG_STATUS] state=HEALTHY pid=16952 uptime_s=1200 crashes=0 restarts_used=0/5 restarts_remaining=5 detail=monitor_tick=240 health_interval_s=5
2026-04-07 17:42:18,826 | watchdog             | INFO     | [WATCHDOG_STATUS] state=HEALTHY pid=27120 uptime_s=2075 crashes=0 restarts_used=0/5 restarts_remaining=5 detail=monitor_tick=415 health_interval_s=5
2026-04-07 17:42:23,732 | watchdog             | INFO     | [WATCHDOG_STATUS] state=HEALTHY pid=16952 uptime_s=1205 crashes=0 restarts_used=0/5 restarts_remaining=5 detail=monitor_tick=241 health_interval_s=5
2026-04-07 17:42:23,826 | watchdog             | INFO     | [WATCHDOG_STATUS] state=HEALTHY pid=27120 uptime_s=2080 crashes=0 restarts_used=0/5 restarts_remaining=5 detail=monitor_tick=416 health_interval_s=5
2026-04-07 17:42:28,733 | watchdog             | INFO     | [WATCHDOG_STATUS] state=HEALTHY pid=16952 uptime_s=1210 crashes=0 restarts_used=0/5 restarts_remaining=5 detail=monitor_tick=242 health_interval_s=5
2026-04-07 17:42:28,827 | watchdog             | INFO     | [WATCHDOG_STATUS] state=HEALTHY pid=27120 uptime_s=2085 crashes=0 restarts_used=0/5 restarts_remaining=5 detail=monitor_tick=417 health_interval_s=5
2026-04-07 17:42:33,734 | watchdog             | INFO     | [WATCHDOG_STATUS] state=HEALTHY pid=16952 uptime_s=1215 crashes=0 restarts_used=0/5 restarts_remaining=5 detail=monitor_tick=243 health_interval_s=5
2026-04-07 17:42:33,828 | watchdog             | INFO     | [WATCHDOG_STATUS] state=HEALTHY pid=27120 uptime_s=2090 crashes=0 restarts_used=0/5 restarts_remaining=5 detail=monitor_tick=418 health_interval_s=5
2026-04-07 17:42:38,735 | watchdog             | INFO     | [WATCHDOG_STATUS] state=HEALTHY pid=16952 uptime_s=1220 crashes=0 restarts_used=0/5 restarts_remaining=5 detail=monitor_tick=244 health_interval_s=5
2026-04-07 17:42:38,829 | watchdog             | INFO     | [WATCHDOG_STATUS] state=HEALTHY pid=27120 uptime_s=2095 crashes=0 restarts_used=0/5 restarts_remaining=5 detail=monitor_tick=419 health_interval_s=5
2026-04-07 17:42:43,735 | watchdog             | INFO     | [WATCHDOG_STATUS] state=HEALTHY pid=16952 uptime_s=1225 crashes=0 restarts_used=0/5 restarts_remaining=5 detail=monitor_tick=245 health_interval_s=5
2026-04-07 17:42:43,833 | watchdog             | INFO     | [WATCHDOG_STATUS] state=HEALTHY pid=27120 uptime_s=2100 crashes=0 restarts_used=0/5 restarts_remaining=5 detail=monitor_tick=420 health_interval_s=5
2026-04-07 17:42:44,378 | watchdog             | INFO     | [WATCHDOG_STATUS] state=HEALTHY pid=22584 uptime_s=900 crashes=0 restarts_used=0/5 restarts_remaining=5 detail=monitor_tick=30 health_interval_s=30
2026-04-07 17:42:48,736 | watchdog             | INFO     | [WATCHDOG_STATUS] state=HEALTHY pid=16952 uptime_s=1230 crashes=0 restarts_used=0/5 restarts_remaining=5 detail=monitor_tick=246 health_interval_s=5
2026-04-07 17:42:48,836 | watchdog             | INFO     | [WATCHDOG_STATUS] state=HEALTHY pid=27120 uptime_s=2105 crashes=0 restarts_used=0/5 restarts_remaining=5 detail=monitor_tick=421 health_interval_s=5
2026-04-07 17:42:53,737 | watchdog             | INFO     | [WATCHDOG_STATUS] state=HEALTHY pid=16952 uptime_s=1235 crashes=0 restarts_used=0/5 restarts_remaining=5 detail=monitor_tick=247 health_interval_s=5
2026-04-07 17:42:53,837 | watchdog             | INFO     | [WATCHDOG_STATUS] state=HEALTHY pid=27120 uptime_s=2110 crashes=0 restarts_used=0/5 restarts_remaining=5 detail=monitor_tick=422 health_interval_s=5
2026-04-07 17:42:58,738 | watchdog             | INFO     | [WATCHDOG_STATUS] state=HEALTHY pid=16952 uptime_s=1240 crashes=0 restarts_used=0/5 restarts_remaining=5 detail=monitor_tick=248 health_interval_s=5
2026-04-07 17:42:58,838 | watchdog             | INFO     | [WATCHDOG_STATUS] state=HEALTHY pid=27120 uptime_s=2115 crashes=0 restarts_used=0/5 restarts_remaining=5 detail=monitor_tick=423 health_interval_s=5
2026-04-07 17:43:03,739 | watchdog             | INFO     | [WATCHDOG_STATUS] state=HEALTHY pid=16952 uptime_s=1245 crashes=0 restarts_used=0/5 restarts_remaining=5 detail=monitor_tick=249 health_interval_s=5
2026-04-07 17:43:03,838 | watchdog             | INFO     | [WATCHDOG_STATUS] state=HEALTHY pid=27120 uptime_s=2120 crashes=0 restarts_used=0/5 restarts_remaining=5 detail=monitor_tick=424 health_interval_s=5
2026-04-07 17:43:08,740 | watchdog             | INFO     | [WATCHDOG_STATUS] state=HEALTHY pid=16952 uptime_s=1250 crashes=0 restarts_used=0/5 restarts_remaining=5 detail=monitor_tick=250 health_interval_s=5
2026-04-07 17:43:08,839 | watchdog             | INFO     | [WATCHDOG_STATUS] state=HEALTHY pid=27120 uptime_s=2125 crashes=0 restarts_used=0/5 restarts_remaining=5 detail=monitor_tick=425 health_interval_s=5
2026-04-07 17:43:13,740 | watchdog             | INFO     | [WATCHDOG_STATUS] state=HEALTHY pid=16952 uptime_s=1255 crashes=0 restarts_used=0/5 restarts_remaining=5 detail=monitor_tick=251 health_interval_s=5
2026-04-07 17:43:13,840 | watchdog             | INFO     | [WATCHDOG_STATUS] state=HEALTHY pid=27120 uptime_s=2130 crashes=0 restarts_used=0/5 restarts_remaining=5 detail=monitor_tick=426 health_interval_s=5
2026-04-07 17:43:14,379 | watchdog             | INFO     | [WATCHDOG_STATUS] state=HEALTHY pid=22584 uptime_s=930 crashes=0 restarts_used=0/5 restarts_remaining=5 detail=monitor_tick=31 health_interval_s=30
2026-04-07 17:43:18,742 | watchdog             | INFO     | [WATCHDOG_STATUS] state=HEALTHY pid=16952 uptime_s=1260 crashes=0 restarts_used=0/5 restarts_remaining=5 detail=monitor_tick=252 health_interval_s=5
2026-04-07 17:43:18,840 | watchdog             | INFO     | [WATCHDOG_STATUS] state=HEALTHY pid=27120 uptime_s=2135 crashes=0 restarts_used=0/5 restarts_remaining=5 detail=monitor_tick=427 health_interval_s=5
2026-04-07 17:43:23,743 | watchdog             | INFO     | [WATCHDOG_STATUS] state=HEALTHY pid=16952 uptime_s=1265 crashes=0 restarts_used=0/5 restarts_remaining=5 detail=monitor_tick=253 health_interval_s=5
2026-04-07 17:43:23,841 | watchdog             | INFO     | [WATCHDOG_STATUS] state=HEALTHY pid=27120 uptime_s=2140 crashes=0 restarts_used=0/5 restarts_remaining=5 detail=monitor_tick=428 health_interval_s=5
2026-04-07 17:43:28,744 | watchdog             | INFO     | [WATCHDOG_STATUS] state=HEALTHY pid=16952 uptime_s=1270 crashes=0 restarts_used=0/5 restarts_remaining=5 detail=monitor_tick=254 health_interval_s=5
2026-04-07 17:43:28,842 | watchdog             | INFO     | [WATCHDOG_STATUS] state=HEALTHY pid=27120 uptime_s=2145 crashes=0 restarts_used=0/5 restarts_remaining=5 detail=monitor_tick=429 health_interval_s=5
2026-04-07 17:43:33,745 | watchdog             | INFO     | [WATCHDOG_STATUS] state=HEALTHY pid=16952 uptime_s=1275 crashes=0 restarts_used=0/5 restarts_remaining=5 detail=monitor_tick=255 health_interval_s=5
2026-04-07 17:43:33,844 | watchdog             | INFO     | [WATCHDOG_STATUS] state=HEALTHY pid=27120 uptime_s=2150 crashes=0 restarts_used=0/5 restarts_remaining=5 detail=monitor_tick=430 health_interval_s=5
2026-04-07 17:43:38,747 | watchdog             | INFO     | [WATCHDOG_STATUS] state=HEALTHY pid=16952 uptime_s=1280 crashes=0 restarts_used=0/5 restarts_remaining=5 detail=monitor_tick=256 health_interval_s=5
2026-04-07 17:43:38,845 | watchdog             | INFO     | [WATCHDOG_STATUS] state=HEALTHY pid=27120 uptime_s=2155 crashes=0 restarts_used=0/5 restarts_remaining=5 detail=monitor_tick=431 health_interval_s=5
2026-04-07 17:43:43,748 | watchdog             | INFO     | [WATCHDOG_STATUS] state=HEALTHY pid=16952 uptime_s=1285 crashes=0 restarts_used=0/5 restarts_remaining=5 detail=monitor_tick=257 health_interval_s=5
2026-04-07 17:43:43,845 | watchdog             | INFO     | [WATCHDOG_STATUS] state=HEALTHY pid=27120 uptime_s=2160 crashes=0 restarts_used=0/5 restarts_remaining=5 detail=monitor_tick=432 health_interval_s=5
2026-04-07 17:43:44,381 | watchdog             | INFO     | [WATCHDOG_STATUS] state=HEALTHY pid=22584 uptime_s=960 crashes=0 restarts_used=0/5 restarts_remaining=5 detail=monitor_tick=32 health_interval_s=30
2026-04-07 17:43:48,748 | watchdog             | INFO     | [WATCHDOG_STATUS] state=HEALTHY pid=16952 uptime_s=1290 crashes=0 restarts_used=0/5 restarts_remaining=5 detail=monitor_tick=258 health_interval_s=5
2026-04-07 17:43:48,846 | watchdog             | INFO     | [WATCHDOG_STATUS] state=HEALTHY pid=27120 uptime_s=2165 crashes=0 restarts_used=0/5 restarts_remaining=5 detail=monitor_tick=433 health_interval_s=5
2026-04-07 17:43:53,749 | watchdog             | INFO     | [WATCHDOG_STATUS] state=HEALTHY pid=16952 uptime_s=1295 crashes=0 restarts_used=0/5 restarts_remaining=5 detail=monitor_tick=259 health_interval_s=5
2026-04-07 17:43:53,847 | watchdog             | INFO     | [WATCHDOG_STATUS] state=HEALTHY pid=27120 uptime_s=2170 crashes=0 restarts_used=0/5 restarts_remaining=5 detail=monitor_tick=434 health_interval_s=5
2026-04-07 17:43:58,750 | watchdog             | INFO     | [WATCHDOG_STATUS] state=HEALTHY pid=16952 uptime_s=1300 crashes=0 restarts_used=0/5 restarts_remaining=5 detail=monitor_tick=260 health_interval_s=5
2026-04-07 17:43:58,848 | watchdog             | INFO     | [WATCHDOG_STATUS] state=HEALTHY pid=27120 uptime_s=2175 crashes=0 restarts_used=0/5 restarts_remaining=5 detail=monitor_tick=435 health_interval_s=5
2026-04-07 17:44:03,751 | watchdog             | INFO     | [WATCHDOG_STATUS] state=HEALTHY pid=16952 uptime_s=1305 crashes=0 restarts_used=0/5 restarts_remaining=5 detail=monitor_tick=261 health_interval_s=5
2026-04-07 17:44:03,849 | watchdog             | INFO     | [WATCHDOG_STATUS] state=HEALTHY pid=27120 uptime_s=2180 crashes=0 restarts_used=0/5 restarts_remaining=5 detail=monitor_tick=436 health_interval_s=5
2026-04-07 17:44:08,752 | watchdog             | INFO     | [WATCHDOG_STATUS] state=HEALTHY pid=16952 uptime_s=1310 crashes=0 restarts_used=0/5 restarts_remaining=5 detail=monitor_tick=262 health_interval_s=5
2026-04-07 17:44:08,850 | watchdog             | INFO     | [WATCHDOG_STATUS] state=HEALTHY pid=27120 uptime_s=2185 crashes=0 restarts_used=0/5 restarts_remaining=5 detail=monitor_tick=437 health_interval_s=5
2026-04-07 17:44:13,753 | watchdog             | INFO     | [WATCHDOG_STATUS] state=HEALTHY pid=16952 uptime_s=1315 crashes=0 restarts_used=0/5 restarts_remaining=5 detail=monitor_tick=263 health_interval_s=5
2026-04-07 17:44:13,851 | watchdog             | INFO     | [WATCHDOG_STATUS] state=HEALTHY pid=27120 uptime_s=2190 crashes=0 restarts_used=0/5 restarts_remaining=5 detail=monitor_tick=438 health_interval_s=5
2026-04-07 17:44:14,381 | watchdog             | INFO     | [WATCHDOG_STATUS] state=HEALTHY pid=22584 uptime_s=990 crashes=0 restarts_used=0/5 restarts_remaining=5 detail=monitor_tick=33 health_interval_s=30
2026-04-07 17:44:18,754 | watchdog             | INFO     | [WATCHDOG_STATUS] state=HEALTHY pid=16952 uptime_s=1320 crashes=0 restarts_used=0/5 restarts_remaining=5 detail=monitor_tick=264 health_interval_s=5
2026-04-07 17:44:18,851 | watchdog             | INFO     | [WATCHDOG_STATUS] state=HEALTHY pid=27120 uptime_s=2195 crashes=0 restarts_used=0/5 restarts_remaining=5 detail=monitor_tick=439 health_interval_s=5
2026-04-07 17:44:23,755 | watchdog             | INFO     | [WATCHDOG_STATUS] state=HEALTHY pid=16952 uptime_s=1325 crashes=0 restarts_used=0/5 restarts_remaining=5 detail=monitor_tick=265 health_interval_s=5
2026-04-07 17:44:23,852 | watchdog             | INFO     | [WATCHDOG_STATUS] state=HEALTHY pid=27120 uptime_s=2200 crashes=0 restarts_used=0/5 restarts_remaining=5 detail=monitor_tick=440 health_interval_s=5
2026-04-07 17:44:28,756 | watchdog             | INFO     | [WATCHDOG_STATUS] state=HEALTHY pid=16952 uptime_s=1330 crashes=0 restarts_used=0/5 restarts_remaining=5 detail=monitor_tick=266 health_interval_s=5
2026-04-07 17:44:28,853 | watchdog             | INFO     | [WATCHDOG_STATUS] state=HEALTHY pid=27120 uptime_s=2205 crashes=0 restarts_used=0/5 restarts_remaining=5 detail=monitor_tick=441 health_interval_s=5
2026-04-07 17:44:33,757 | watchdog             | INFO     | [WATCHDOG_STATUS] state=HEALTHY pid=16952 uptime_s=1335 crashes=0 restarts_used=0/5 restarts_remaining=5 detail=monitor_tick=267 health_interval_s=5
2026-04-07 17:44:33,854 | watchdog             | INFO     | [WATCHDOG_STATUS] state=HEALTHY pid=27120 uptime_s=2210 crashes=0 restarts_used=0/5 restarts_remaining=5 detail=monitor_tick=442 health_interval_s=5
2026-04-07 17:44:38,757 | watchdog             | INFO     | [WATCHDOG_STATUS] state=HEALTHY pid=16952 uptime_s=1340 crashes=0 restarts_used=0/5 restarts_remaining=5 detail=monitor_tick=268 health_interval_s=5
2026-04-07 17:44:38,856 | watchdog             | INFO     | [WATCHDOG_STATUS] state=HEALTHY pid=27120 uptime_s=2215 crashes=0 restarts_used=0/5 restarts_remaining=5 detail=monitor_tick=443 health_interval_s=5
2026-04-07 17:44:43,759 | watchdog             | INFO     | [WATCHDOG_STATUS] state=HEALTHY pid=16952 uptime_s=1345 crashes=0 restarts_used=0/5 restarts_remaining=5 detail=monitor_tick=269 health_interval_s=5
2026-04-07 17:44:43,857 | watchdog             | INFO     | [WATCHDOG_STATUS] state=HEALTHY pid=27120 uptime_s=2220 crashes=0 restarts_used=0/5 restarts_remaining=5 detail=monitor_tick=444 health_interval_s=5
2026-04-07 17:44:44,382 | watchdog             | INFO     | [WATCHDOG_STATUS] state=HEALTHY pid=22584 uptime_s=1020 crashes=0 restarts_used=0/5 restarts_remaining=5 detail=monitor_tick=34 health_interval_s=30
2026-04-07 17:44:48,759 | watchdog             | INFO     | [WATCHDOG_STATUS] state=HEALTHY pid=16952 uptime_s=1350 crashes=0 restarts_used=0/5 restarts_remaining=5 detail=monitor_tick=270 health_interval_s=5
2026-04-07 17:44:48,857 | watchdog             | INFO     | [WATCHDOG_STATUS] state=HEALTHY pid=27120 uptime_s=2225 crashes=0 restarts_used=0/5 restarts_remaining=5 detail=monitor_tick=445 health_interval_s=5
2026-04-07 17:44:53,760 | watchdog             | INFO     | [WATCHDOG_STATUS] state=HEALTHY pid=16952 uptime_s=1355 crashes=0 restarts_used=0/5 restarts_remaining=5 detail=monitor_tick=271 health_interval_s=5
2026-04-07 17:44:53,858 | watchdog             | INFO     | [WATCHDOG_STATUS] state=HEALTHY pid=27120 uptime_s=2230 crashes=0 restarts_used=0/5 restarts_remaining=5 detail=monitor_tick=446 health_interval_s=5
2026-04-07 17:44:58,761 | watchdog             | INFO     | [WATCHDOG_STATUS] state=HEALTHY pid=16952 uptime_s=1360 crashes=0 restarts_used=0/5 restarts_remaining=5 detail=monitor_tick=272 health_interval_s=5
2026-04-07 17:44:58,859 | watchdog             | INFO     | [WATCHDOG_STATUS] state=HEALTHY pid=27120 uptime_s=2235 crashes=0 restarts_used=0/5 restarts_remaining=5 detail=monitor_tick=447 health_interval_s=5
2026-04-07 17:45:03,762 | watchdog             | INFO     | [WATCHDOG_STATUS] state=HEALTHY pid=16952 uptime_s=1365 crashes=0 restarts_used=0/5 restarts_remaining=5 detail=monitor_tick=273 health_interval_s=5
2026-04-07 17:45:03,860 | watchdog             | INFO     | [WATCHDOG_STATUS] state=HEALTHY pid=27120 uptime_s=2240 crashes=0 restarts_used=0/5 restarts_remaining=5 detail=monitor_tick=448 health_interval_s=5
2026-04-07 17:45:08,763 | watchdog             | INFO     | [WATCHDOG_STATUS] state=HEALTHY pid=16952 uptime_s=1370 crashes=0 restarts_used=0/5 restarts_remaining=5 detail=monitor_tick=274 health_interval_s=5
2026-04-07 17:45:08,861 | watchdog             | INFO     | [WATCHDOG_STATUS] state=HEALTHY pid=27120 uptime_s=2245 crashes=0 restarts_used=0/5 restarts_remaining=5 detail=monitor_tick=449 health_interval_s=5
2026-04-07 17:45:13,764 | watchdog             | INFO     | [WATCHDOG_STATUS] state=HEALTHY pid=16952 uptime_s=1375 crashes=0 restarts_used=0/5 restarts_remaining=5 detail=monitor_tick=275 health_interval_s=5
2026-04-07 17:45:13,862 | watchdog             | INFO     | [WATCHDOG_STATUS] state=HEALTHY pid=27120 uptime_s=2250 crashes=0 restarts_used=0/5 restarts_remaining=5 detail=monitor_tick=450 health_interval_s=5
2026-04-07 17:45:14,383 | watchdog             | INFO     | [WATCHDOG_STATUS] state=HEALTHY pid=22584 uptime_s=1050 crashes=0 restarts_used=0/5 restarts_remaining=5 detail=monitor_tick=35 health_interval_s=30
2026-04-07 17:45:18,764 | watchdog             | INFO     | [WATCHDOG_STATUS] state=HEALTHY pid=16952 uptime_s=1380 crashes=0 restarts_used=0/5 restarts_remaining=5 detail=monitor_tick=276 health_interval_s=5
2026-04-07 17:45:18,862 | watchdog             | INFO     | [WATCHDOG_STATUS] state=HEALTHY pid=27120 uptime_s=2255 crashes=0 restarts_used=0/5 restarts_remaining=5 detail=monitor_tick=451 health_interval_s=5
2026-04-07 17:45:23,765 | watchdog             | INFO     | [WATCHDOG_STATUS] state=HEALTHY pid=16952 uptime_s=1385 crashes=0 restarts_used=0/5 restarts_remaining=5 detail=monitor_tick=277 health_interval_s=5
2026-04-07 17:45:23,863 | watchdog             | INFO     | [WATCHDOG_STATUS] state=HEALTHY pid=27120 uptime_s=2260 crashes=0 restarts_used=0/5 restarts_remaining=5 detail=monitor_tick=452 health_interval_s=5
2026-04-07 17:45:28,766 | watchdog             | INFO     | [WATCHDOG_STATUS] state=HEALTHY pid=16952 uptime_s=1390 crashes=0 restarts_used=0/5 restarts_remaining=5 detail=monitor_tick=278 health_interval_s=5
2026-04-07 17:45:28,863 | watchdog             | INFO     | [WATCHDOG_STATUS] state=HEALTHY pid=27120 uptime_s=2265 crashes=0 restarts_used=0/5 restarts_remaining=5 detail=monitor_tick=453 health_interval_s=5
2026-04-07 17:45:33,767 | watchdog             | INFO     | [WATCHDOG_STATUS] state=HEALTHY pid=16952 uptime_s=1395 crashes=0 restarts_used=0/5 restarts_remaining=5 detail=monitor_tick=279 health_interval_s=5
2026-04-07 17:45:33,864 | watchdog             | INFO     | [WATCHDOG_STATUS] state=HEALTHY pid=27120 uptime_s=2270 crashes=0 restarts_used=0/5 restarts_remaining=5 detail=monitor_tick=454 health_interval_s=5
2026-04-07 17:45:38,767 | watchdog             | INFO     | [WATCHDOG_STATUS] state=HEALTHY pid=16952 uptime_s=1400 crashes=0 restarts_used=0/5 restarts_remaining=5 detail=monitor_tick=280 health_interval_s=5
2026-04-07 17:45:38,865 | watchdog             | INFO     | [WATCHDOG_STATUS] state=HEALTHY pid=27120 uptime_s=2275 crashes=0 restarts_used=0/5 restarts_remaining=5 detail=monitor_tick=455 health_interval_s=5
2026-04-07 17:45:43,768 | watchdog             | INFO     | [WATCHDOG_STATUS] state=HEALTHY pid=16952 uptime_s=1405 crashes=0 restarts_used=0/5 restarts_remaining=5 detail=monitor_tick=281 health_interval_s=5
2026-04-07 17:45:43,865 | watchdog             | INFO     | [WATCHDOG_STATUS] state=HEALTHY pid=27120 uptime_s=2280 crashes=0 restarts_used=0/5 restarts_remaining=5 detail=monitor_tick=456 health_interval_s=5
2026-04-07 17:45:44,384 | watchdog             | INFO     | [WATCHDOG_STATUS] state=HEALTHY pid=22584 uptime_s=1080 crashes=0 restarts_used=0/5 restarts_remaining=5 detail=monitor_tick=36 health_interval_s=30
2026-04-07 17:45:48,769 | watchdog             | INFO     | [WATCHDOG_STATUS] state=HEALTHY pid=16952 uptime_s=1410 crashes=0 restarts_used=0/5 restarts_remaining=5 detail=monitor_tick=282 health_interval_s=5
2026-04-07 17:45:48,866 | watchdog             | INFO     | [WATCHDOG_STATUS] state=HEALTHY pid=27120 uptime_s=2285 crashes=0 restarts_used=0/5 restarts_remaining=5 detail=monitor_tick=457 health_interval_s=5
2026-04-07 17:45:53,771 | watchdog             | INFO     | [WATCHDOG_STATUS] state=HEALTHY pid=16952 uptime_s=1415 crashes=0 restarts_used=0/5 restarts_remaining=5 detail=monitor_tick=283 health_interval_s=5
2026-04-07 17:45:53,868 | watchdog             | INFO     | [WATCHDOG_STATUS] state=HEALTHY pid=27120 uptime_s=2290 crashes=0 restarts_used=0/5 restarts_remaining=5 detail=monitor_tick=458 health_interval_s=5
2026-04-07 17:45:58,772 | watchdog             | INFO     | [WATCHDOG_STATUS] state=HEALTHY pid=16952 uptime_s=1420 crashes=0 restarts_used=0/5 restarts_remaining=5 detail=monitor_tick=284 health_interval_s=5
2026-04-07 17:45:58,869 | watchdog             | INFO     | [WATCHDOG_STATUS] state=HEALTHY pid=27120 uptime_s=2295 crashes=0 restarts_used=0/5 restarts_remaining=5 detail=monitor_tick=459 health_interval_s=5
2026-04-07 17:46:03,773 | watchdog             | INFO     | [WATCHDOG_STATUS] state=HEALTHY pid=16952 uptime_s=1425 crashes=0 restarts_used=0/5 restarts_remaining=5 detail=monitor_tick=285 health_interval_s=5
2026-04-07 17:46:03,869 | watchdog             | INFO     | [WATCHDOG_STATUS] state=HEALTHY pid=27120 uptime_s=2300 crashes=0 restarts_used=0/5 restarts_remaining=5 detail=monitor_tick=460 health_interval_s=5
2026-04-07 17:46:08,773 | watchdog             | INFO     | [WATCHDOG_STATUS] state=HEALTHY pid=16952 uptime_s=1430 crashes=0 restarts_used=0/5 restarts_remaining=5 detail=monitor_tick=286 health_interval_s=5
2026-04-07 17:46:08,870 | watchdog             | INFO     | [WATCHDOG_STATUS] state=HEALTHY pid=27120 uptime_s=2305 crashes=0 restarts_used=0/5 restarts_remaining=5 detail=monitor_tick=461 health_interval_s=5
2026-04-07 17:46:13,774 | watchdog             | INFO     | [WATCHDOG_STATUS] state=HEALTHY pid=16952 uptime_s=1435 crashes=0 restarts_used=0/5 restarts_remaining=5 detail=monitor_tick=287 health_interval_s=5
2026-04-07 17:46:13,871 | watchdog             | INFO     | [WATCHDOG_STATUS] state=HEALTHY pid=27120 uptime_s=2310 crashes=0 restarts_used=0/5 restarts_remaining=5 detail=monitor_tick=462 health_interval_s=5
2026-04-07 17:46:14,385 | watchdog             | INFO     | [WATCHDOG_STATUS] state=HEALTHY pid=22584 uptime_s=1110 crashes=0 restarts_used=0/5 restarts_remaining=5 detail=monitor_tick=37 health_interval_s=30
2026-04-07 17:46:18,774 | watchdog             | INFO     | [WATCHDOG_STATUS] state=HEALTHY pid=16952 uptime_s=1440 crashes=0 restarts_used=0/5 restarts_remaining=5 detail=monitor_tick=288 health_interval_s=5
2026-04-07 17:46:18,871 | watchdog             | INFO     | [WATCHDOG_STATUS] state=HEALTHY pid=27120 uptime_s=2315 crashes=0 restarts_used=0/5 restarts_remaining=5 detail=monitor_tick=463 health_interval_s=5
2026-04-07 17:46:23,775 | watchdog             | INFO     | [WATCHDOG_STATUS] state=HEALTHY pid=16952 uptime_s=1445 crashes=0 restarts_used=0/5 restarts_remaining=5 detail=monitor_tick=289 health_interval_s=5
2026-04-07 17:46:23,872 | watchdog             | INFO     | [WATCHDOG_STATUS] state=HEALTHY pid=27120 uptime_s=2320 crashes=0 restarts_used=0/5 restarts_remaining=5 detail=monitor_tick=464 health_interval_s=5
2026-04-07 17:46:28,776 | watchdog             | INFO     | [WATCHDOG_STATUS] state=HEALTHY pid=16952 uptime_s=1450 crashes=0 restarts_used=0/5 restarts_remaining=5 detail=monitor_tick=290 health_interval_s=5
2026-04-07 17:46:28,873 | watchdog             | INFO     | [WATCHDOG_STATUS] state=HEALTHY pid=27120 uptime_s=2325 crashes=0 restarts_used=0/5 restarts_remaining=5 detail=monitor_tick=465 health_interval_s=5
2026-04-07 17:46:33,777 | watchdog             | INFO     | [WATCHDOG_STATUS] state=HEALTHY pid=16952 uptime_s=1455 crashes=0 restarts_used=0/5 restarts_remaining=5 detail=monitor_tick=291 health_interval_s=5
2026-04-07 17:46:33,874 | watchdog             | INFO     | [WATCHDOG_STATUS] state=HEALTHY pid=27120 uptime_s=2330 crashes=0 restarts_used=0/5 restarts_remaining=5 detail=monitor_tick=466 health_interval_s=5
2026-04-07 17:46:38,779 | watchdog             | INFO     | [WATCHDOG_STATUS] state=HEALTHY pid=16952 uptime_s=1460 crashes=0 restarts_used=0/5 restarts_remaining=5 detail=monitor_tick=292 health_interval_s=5
2026-04-07 17:46:38,874 | watchdog             | INFO     | [WATCHDOG_STATUS] state=HEALTHY pid=27120 uptime_s=2335 crashes=0 restarts_used=0/5 restarts_remaining=5 detail=monitor_tick=467 health_interval_s=5
2026-04-07 17:46:43,779 | watchdog             | INFO     | [WATCHDOG_STATUS] state=HEALTHY pid=16952 uptime_s=1465 crashes=0 restarts_used=0/5 restarts_remaining=5 detail=monitor_tick=293 health_interval_s=5
2026-04-07 17:46:43,875 | watchdog             | INFO     | [WATCHDOG_STATUS] state=HEALTHY pid=27120 uptime_s=2340 crashes=0 restarts_used=0/5 restarts_remaining=5 detail=monitor_tick=468 health_interval_s=5
2026-04-07 17:46:44,385 | watchdog             | INFO     | [WATCHDOG_STATUS] state=HEALTHY pid=22584 uptime_s=1140 crashes=0 restarts_used=0/5 restarts_remaining=5 detail=monitor_tick=38 health_interval_s=30
2026-04-07 17:46:48,780 | watchdog             | INFO     | [WATCHDOG_STATUS] state=HEALTHY pid=16952 uptime_s=1470 crashes=0 restarts_used=0/5 restarts_remaining=5 detail=monitor_tick=294 health_interval_s=5
2026-04-07 17:46:48,875 | watchdog             | INFO     | [WATCHDOG_STATUS] state=HEALTHY pid=27120 uptime_s=2345 crashes=0 restarts_used=0/5 restarts_remaining=5 detail=monitor_tick=469 health_interval_s=5
2026-04-07 17:46:53,780 | watchdog             | INFO     | [WATCHDOG_STATUS] state=HEALTHY pid=16952 uptime_s=1475 crashes=0 restarts_used=0/5 restarts_remaining=5 detail=monitor_tick=295 health_interval_s=5
2026-04-07 17:46:53,876 | watchdog             | INFO     | [WATCHDOG_STATUS] state=HEALTHY pid=27120 uptime_s=2350 crashes=0 restarts_used=0/5 restarts_remaining=5 detail=monitor_tick=470 health_interval_s=5
2026-04-07 17:46:58,781 | watchdog             | INFO     | [WATCHDOG_STATUS] state=HEALTHY pid=16952 uptime_s=1480 crashes=0 restarts_used=0/5 restarts_remaining=5 detail=monitor_tick=296 health_interval_s=5
2026-04-07 17:46:58,877 | watchdog             | INFO     | [WATCHDOG_STATUS] state=HEALTHY pid=27120 uptime_s=2355 crashes=0 restarts_used=0/5 restarts_remaining=5 detail=monitor_tick=471 health_interval_s=5
2026-04-07 17:47:03,782 | watchdog             | INFO     | [WATCHDOG_STATUS] state=HEALTHY pid=16952 uptime_s=1485 crashes=0 restarts_used=0/5 restarts_remaining=5 detail=monitor_tick=297 health_interval_s=5
2026-04-07 17:47:03,877 | watchdog             | INFO     | [WATCHDOG_STATUS] state=HEALTHY pid=27120 uptime_s=2360 crashes=0 restarts_used=0/5 restarts_remaining=5 detail=monitor_tick=472 health_interval_s=5
2026-04-07 17:47:08,782 | watchdog             | INFO     | [WATCHDOG_STATUS] state=HEALTHY pid=16952 uptime_s=1490 crashes=0 restarts_used=0/5 restarts_remaining=5 detail=monitor_tick=298 health_interval_s=5
2026-04-07 17:47:08,878 | watchdog             | INFO     | [WATCHDOG_STATUS] state=HEALTHY pid=27120 uptime_s=2365 crashes=0 restarts_used=0/5 restarts_remaining=5 detail=monitor_tick=473 health_interval_s=5
2026-04-07 17:47:13,790 | watchdog             | INFO     | [WATCHDOG_STATUS] state=HEALTHY pid=16952 uptime_s=1495 crashes=0 restarts_used=0/5 restarts_remaining=5 detail=monitor_tick=299 health_interval_s=5
2026-04-07 17:47:13,879 | watchdog             | INFO     | [WATCHDOG_STATUS] state=HEALTHY pid=27120 uptime_s=2370 crashes=0 restarts_used=0/5 restarts_remaining=5 detail=monitor_tick=474 health_interval_s=5
2026-04-07 17:47:14,391 | watchdog             | INFO     | [WATCHDOG_STATUS] state=HEALTHY pid=22584 uptime_s=1170 crashes=0 restarts_used=0/5 restarts_remaining=5 detail=monitor_tick=39 health_interval_s=30
2026-04-07 17:47:18,794 | watchdog             | INFO     | [WATCHDOG_STATUS] state=HEALTHY pid=16952 uptime_s=1500 crashes=0 restarts_used=0/5 restarts_remaining=5 detail=monitor_tick=300 health_interval_s=5
2026-04-07 17:47:18,881 | watchdog             | INFO     | [WATCHDOG_STATUS] state=HEALTHY pid=27120 uptime_s=2375 crashes=0 restarts_used=0/5 restarts_remaining=5 detail=monitor_tick=475 health_interval_s=5
2026-04-07 17:47:23,795 | watchdog             | INFO     | [WATCHDOG_STATUS] state=HEALTHY pid=16952 uptime_s=1505 crashes=0 restarts_used=0/5 restarts_remaining=5 detail=monitor_tick=301 health_interval_s=5
2026-04-07 17:47:23,882 | watchdog             | INFO     | [WATCHDOG_STATUS] state=HEALTHY pid=27120 uptime_s=2380 crashes=0 restarts_used=0/5 restarts_remaining=5 detail=monitor_tick=476 health_interval_s=5
2026-04-07 17:47:28,796 | watchdog             | INFO     | [WATCHDOG_STATUS] state=HEALTHY pid=16952 uptime_s=1510 crashes=0 restarts_used=0/5 restarts_remaining=5 detail=monitor_tick=302 health_interval_s=5
2026-04-07 17:47:28,882 | watchdog             | INFO     | [WATCHDOG_STATUS] state=HEALTHY pid=27120 uptime_s=2385 crashes=0 restarts_used=0/5 restarts_remaining=5 detail=monitor_tick=477 health_interval_s=5
2026-04-07 17:47:33,797 | watchdog             | INFO     | [WATCHDOG_STATUS] state=HEALTHY pid=16952 uptime_s=1515 crashes=0 restarts_used=0/5 restarts_remaining=5 detail=monitor_tick=303 health_interval_s=5
2026-04-07 17:47:33,883 | watchdog             | INFO     | [WATCHDOG_STATUS] state=HEALTHY pid=27120 uptime_s=2390 crashes=0 restarts_used=0/5 restarts_remaining=5 detail=monitor_tick=478 health_interval_s=5
2026-04-07 17:47:38,798 | watchdog             | INFO     | [WATCHDOG_STATUS] state=HEALTHY pid=16952 uptime_s=1520 crashes=0 restarts_used=0/5 restarts_remaining=5 detail=monitor_tick=304 health_interval_s=5
2026-04-07 17:47:38,883 | watchdog             | INFO     | [WATCHDOG_STATUS] state=HEALTHY pid=27120 uptime_s=2395 crashes=0 restarts_used=0/5 restarts_remaining=5 detail=monitor_tick=479 health_interval_s=5
2026-04-07 17:47:43,799 | watchdog             | INFO     | [WATCHDOG_STATUS] state=HEALTHY pid=16952 uptime_s=1525 crashes=0 restarts_used=0/5 restarts_remaining=5 detail=monitor_tick=305 health_interval_s=5
2026-04-07 17:47:43,884 | watchdog             | INFO     | [WATCHDOG_STATUS] state=HEALTHY pid=27120 uptime_s=2400 crashes=0 restarts_used=0/5 restarts_remaining=5 detail=monitor_tick=480 health_interval_s=5
2026-04-07 17:47:44,394 | watchdog             | INFO     | [WATCHDOG_STATUS] state=HEALTHY pid=22584 uptime_s=1200 crashes=0 restarts_used=0/5 restarts_remaining=5 detail=monitor_tick=40 health_interval_s=30
2026-04-07 17:47:48,800 | watchdog             | INFO     | [WATCHDOG_STATUS] state=HEALTHY pid=16952 uptime_s=1530 crashes=0 restarts_used=0/5 restarts_remaining=5 detail=monitor_tick=306 health_interval_s=5
2026-04-07 17:47:48,885 | watchdog             | INFO     | [WATCHDOG_STATUS] state=HEALTHY pid=27120 uptime_s=2405 crashes=0 restarts_used=0/5 restarts_remaining=5 detail=monitor_tick=481 health_interval_s=5
2026-04-07 17:47:53,801 | watchdog             | INFO     | [WATCHDOG_STATUS] state=HEALTHY pid=16952 uptime_s=1535 crashes=0 restarts_used=0/5 restarts_remaining=5 detail=monitor_tick=307 health_interval_s=5
2026-04-07 17:47:53,886 | watchdog             | INFO     | [WATCHDOG_STATUS] state=HEALTHY pid=27120 uptime_s=2410 crashes=0 restarts_used=0/5 restarts_remaining=5 detail=monitor_tick=482 health_interval_s=5
2026-04-07 17:47:58,802 | watchdog             | INFO     | [WATCHDOG_STATUS] state=HEALTHY pid=16952 uptime_s=1540 crashes=0 restarts_used=0/5 restarts_remaining=5 detail=monitor_tick=308 health_interval_s=5
2026-04-07 17:47:58,887 | watchdog             | INFO     | [WATCHDOG_STATUS] state=HEALTHY pid=27120 uptime_s=2415 crashes=0 restarts_used=0/5 restarts_remaining=5 detail=monitor_tick=483 health_interval_s=5
2026-04-07 17:48:03,803 | watchdog             | INFO     | [WATCHDOG_STATUS] state=HEALTHY pid=16952 uptime_s=1545 crashes=0 restarts_used=0/5 restarts_remaining=5 detail=monitor_tick=309 health_interval_s=5
2026-04-07 17:48:03,888 | watchdog             | INFO     | [WATCHDOG_STATUS] state=HEALTHY pid=27120 uptime_s=2420 crashes=0 restarts_used=0/5 restarts_remaining=5 detail=monitor_tick=484 health_interval_s=5
2026-04-07 17:48:08,803 | watchdog             | INFO     | [WATCHDOG_STATUS] state=HEALTHY pid=16952 uptime_s=1550 crashes=0 restarts_used=0/5 restarts_remaining=5 detail=monitor_tick=310 health_interval_s=5
2026-04-07 17:48:08,889 | watchdog             | INFO     | [WATCHDOG_STATUS] state=HEALTHY pid=27120 uptime_s=2425 crashes=0 restarts_used=0/5 restarts_remaining=5 detail=monitor_tick=485 health_interval_s=5
2026-04-07 17:48:13,804 | watchdog             | INFO     | [WATCHDOG_STATUS] state=HEALTHY pid=16952 uptime_s=1555 crashes=0 restarts_used=0/5 restarts_remaining=5 detail=monitor_tick=311 health_interval_s=5
2026-04-07 17:48:13,890 | watchdog             | INFO     | [WATCHDOG_STATUS] state=HEALTHY pid=27120 uptime_s=2430 crashes=0 restarts_used=0/5 restarts_remaining=5 detail=monitor_tick=486 health_interval_s=5
2026-04-07 17:48:14,395 | watchdog             | INFO     | [WATCHDOG_STATUS] state=HEALTHY pid=22584 uptime_s=1230 crashes=0 restarts_used=0/5 restarts_remaining=5 detail=monitor_tick=41 health_interval_s=30
2026-04-07 17:48:18,805 | watchdog             | INFO     | [WATCHDOG_STATUS] state=HEALTHY pid=16952 uptime_s=1560 crashes=0 restarts_used=0/5 restarts_remaining=5 detail=monitor_tick=312 health_interval_s=5
2026-04-07 17:48:18,890 | watchdog             | INFO     | [WATCHDOG_STATUS] state=HEALTHY pid=27120 uptime_s=2435 crashes=0 restarts_used=0/5 restarts_remaining=5 detail=monitor_tick=487 health_interval_s=5
2026-04-07 17:48:23,806 | watchdog             | INFO     | [WATCHDOG_STATUS] state=HEALTHY pid=16952 uptime_s=1565 crashes=0 restarts_used=0/5 restarts_remaining=5 detail=monitor_tick=313 health_interval_s=5
2026-04-07 17:48:23,899 | watchdog             | INFO     | [WATCHDOG_STATUS] state=HEALTHY pid=27120 uptime_s=2440 crashes=0 restarts_used=0/5 restarts_remaining=5 detail=monitor_tick=488 health_interval_s=5
2026-04-07 17:48:28,806 | watchdog             | INFO     | [WATCHDOG_STATUS] state=HEALTHY pid=16952 uptime_s=1570 crashes=0 restarts_used=0/5 restarts_remaining=5 detail=monitor_tick=314 health_interval_s=5
2026-04-07 17:48:28,903 | watchdog             | INFO     | [WATCHDOG_STATUS] state=HEALTHY pid=27120 uptime_s=2445 crashes=0 restarts_used=0/5 restarts_remaining=5 detail=monitor_tick=489 health_interval_s=5
2026-04-07 17:48:33,806 | watchdog             | INFO     | [WATCHDOG_STATUS] state=HEALTHY pid=16952 uptime_s=1575 crashes=0 restarts_used=0/5 restarts_remaining=5 detail=monitor_tick=315 health_interval_s=5
2026-04-07 17:48:33,904 | watchdog             | INFO     | [WATCHDOG_STATUS] state=HEALTHY pid=27120 uptime_s=2450 crashes=0 restarts_used=0/5 restarts_remaining=5 detail=monitor_tick=490 health_interval_s=5
2026-04-07 17:48:38,807 | watchdog             | INFO     | [WATCHDOG_STATUS] state=HEALTHY pid=16952 uptime_s=1580 crashes=0 restarts_used=0/5 restarts_remaining=5 detail=monitor_tick=316 health_interval_s=5
2026-04-07 17:48:38,905 | watchdog             | INFO     | [WATCHDOG_STATUS] state=HEALTHY pid=27120 uptime_s=2455 crashes=0 restarts_used=0/5 restarts_remaining=5 detail=monitor_tick=491 health_interval_s=5
2026-04-07 17:48:43,808 | watchdog             | INFO     | [WATCHDOG_STATUS] state=HEALTHY pid=16952 uptime_s=1585 crashes=0 restarts_used=0/5 restarts_remaining=5 detail=monitor_tick=317 health_interval_s=5
2026-04-07 17:48:43,905 | watchdog             | INFO     | [WATCHDOG_STATUS] state=HEALTHY pid=27120 uptime_s=2460 crashes=0 restarts_used=0/5 restarts_remaining=5 detail=monitor_tick=492 health_interval_s=5
2026-04-07 17:48:44,396 | watchdog             | INFO     | [WATCHDOG_STATUS] state=HEALTHY pid=22584 uptime_s=1260 crashes=0 restarts_used=0/5 restarts_remaining=5 detail=monitor_tick=42 health_interval_s=30
2026-04-07 17:48:48,809 | watchdog             | INFO     | [WATCHDOG_STATUS] state=HEALTHY pid=16952 uptime_s=1590 crashes=0 restarts_used=0/5 restarts_remaining=5 detail=monitor_tick=318 health_interval_s=5
2026-04-07 17:48:48,906 | watchdog             | INFO     | [WATCHDOG_STATUS] state=HEALTHY pid=27120 uptime_s=2465 crashes=0 restarts_used=0/5 restarts_remaining=5 detail=monitor_tick=493 health_interval_s=5
2026-04-07 17:48:53,809 | watchdog             | INFO     | [WATCHDOG_STATUS] state=HEALTHY pid=16952 uptime_s=1595 crashes=0 restarts_used=0/5 restarts_remaining=5 detail=monitor_tick=319 health_interval_s=5
2026-04-07 17:48:53,907 | watchdog             | INFO     | [WATCHDOG_STATUS] state=HEALTHY pid=27120 uptime_s=2470 crashes=0 restarts_used=0/5 restarts_remaining=5 detail=monitor_tick=494 health_interval_s=5
2026-04-07 17:48:58,810 | watchdog             | INFO     | [WATCHDOG_STATUS] state=HEALTHY pid=16952 uptime_s=1600 crashes=0 restarts_used=0/5 restarts_remaining=5 detail=monitor_tick=320 health_interval_s=5
2026-04-07 17:48:58,907 | watchdog             | INFO     | [WATCHDOG_STATUS] state=HEALTHY pid=27120 uptime_s=2475 crashes=0 restarts_used=0/5 restarts_remaining=5 detail=monitor_tick=495 health_interval_s=5
